longitude,latitude,t2m,rh,valid_time,t2m_cel,t2m_fah,hi_fah,hi_cel
71.0,30.0,285.59134,13.3,2018-01-01 00:00:00,12.44,54.39,50.2,10.11
71.0,30.0,294.5125,9.1,2018-01-01 06:00:00,21.36,70.45,67.6,19.78
71.0,30.0,293.73074,10.3,2018-01-01 12:00:00,20.58,69.05,66.1,18.94
71.0,30.0,287.29083,15.6,2018-01-01 18:00:00,14.14,57.45,53.6,12.0
71.0,30.0,284.57935,18.5,2018-01-02 00:00:00,11.43,52.57,48.4,9.11
71.0,30.0,293.78995,11.3,2018-01-02 06:00:00,20.64,69.15,66.3,19.06
71.0,30.0,293.01553,10.2,2018-01-02 12:00:00,19.87,67.76,64.7,18.17
71.0,30.0,286.9658,14.7,2018-01-02 18:00:00,13.82,56.87,52.9,11.61
71.0,30.0,284.5141,18.6,2018-01-03 00:00:00,11.36,52.46,48.3,9.06
71.0,30.0,292.60605,12.2,2018-01-03 06:00:00,19.46,67.02,64.0,17.78
71.0,30.0,291.9999,13.5,2018-01-03 12:00:00,18.85,65.93,62.9,17.17
71.0,30.0,287.13376,16.7,2018-01-03 18:00:00,13.98,57.17,53.4,11.89
71.0,30.0,285.08533,19.9,2018-01-04 00:00:00,11.94,53.48,49.5,9.72
71.0,30.0,292.74948,13.2,2018-01-04 06:00:00,19.6,67.28,64.3,17.94
71.0,30.0,292.3907,13.0,2018-01-04 12:00:00,19.24,66.63,63.6,17.56
71.0,30.0,285.46866,22.9,2018-01-04 18:00:00,12.32,54.17,50.4,10.22
71.0,30.0,283.79892,31.5,2018-01-05 00:00:00,10.65,51.17,47.5,8.61
71.0,30.0,291.88635,18.8,2018-01-05 06:00:00,18.74,65.73,62.9,17.17
71.0,30.0,291.4028,21.1,2018-01-05 12:00:00,18.25,64.86,62.0,16.67
71.0,30.0,285.02368,35.4,2018-01-05 18:00:00,11.87,53.37,50.1,10.06
71.0,30.0,283.23935,34.1,2018-01-06 00:00:00,10.09,50.16,46.5,8.06
71.0,30.0,291.66064,19.6,2018-01-06 06:00:00,18.51,65.32,62.5,16.94
71.0,30.0,290.38684,22.1,2018-01-06 12:00:00,17.24,63.03,60.1,15.61
71.0,30.0,285.79733,29.9,2018-01-06 18:00:00,12.65,54.77,51.4,10.78
71.0,30.0,283.8804,34.9,2018-01-07 00:00:00,10.73,51.31,47.8,8.78
71.0,30.0,292.35068,21.3,2018-01-07 06:00:00,19.2,66.56,63.9,17.72
71.0,30.0,291.6705,19.1,2018-01-07 12:00:00,18.52,65.34,62.5,16.94
71.0,30.0,286.4501,26.4,2018-01-07 18:00:00,13.3,55.94,52.5,11.39
71.0,30.0,283.75546,32.2,2018-01-08 00:00:00,10.61,51.09,47.4,8.56
71.0,30.0,293.23447,17.7,2018-01-08 06:00:00,20.08,68.15,65.5,18.61
71.0,30.0,292.43628,17.2,2018-01-08 12:00:00,19.29,66.72,63.9,17.72
71.0,30.0,287.4286,22.7,2018-01-08 18:00:00,14.28,57.7,54.2,12.33
71.0,30.0,285.5062,28.4,2018-01-09 00:00:00,12.36,54.24,50.7,10.39
71.0,30.0,294.364,16.6,2018-01-09 06:00:00,21.21,70.19,67.7,19.83
71.0,30.0,293.4766,15.1,2018-01-09 12:00:00,20.33,68.59,65.9,18.83
71.0,30.0,287.49255,21.2,2018-01-09 18:00:00,14.34,57.82,54.3,12.39
71.0,30.0,285.6247,25.4,2018-01-10 00:00:00,12.47,54.45,50.8,10.44
71.0,30.0,295.04636,15.3,2018-01-10 06:00:00,21.9,71.41,69.0,20.56
71.0,30.0,293.00525,17.2,2018-01-10 12:00:00,19.86,67.74,65.0,18.33
71.0,30.0,288.366,21.2,2018-01-10 18:00:00,15.22,59.39,56.0,13.33
71.0,30.0,286.51337,24.5,2018-01-11 00:00:00,13.36,56.05,52.5,11.39
71.0,30.0,296.81393,15.5,2018-01-11 06:00:00,23.66,74.6,72.5,22.5
71.0,30.0,295.9982,17.7,2018-01-11 12:00:00,22.85,73.13,71.0,21.67
71.0,30.0,289.90143,23.1,2018-01-11 18:00:00,16.75,62.15,59.2,15.11
71.0,30.0,286.70694,29.1,2018-01-12 00:00:00,13.56,56.4,53.1,11.72
71.0,30.0,295.89185,16.9,2018-01-12 06:00:00,22.74,72.94,70.7,21.5
71.0,30.0,294.84265,17.3,2018-01-12 12:00:00,21.69,71.05,68.7,20.39
71.0,30.0,289.3887,24.1,2018-01-12 18:00:00,16.24,61.23,58.2,14.56
71.0,30.0,287.27,28.5,2018-01-13 00:00:00,14.12,57.42,54.2,12.33
71.0,30.0,296.34726,15.5,2018-01-13 06:00:00,23.2,73.76,71.6,22.0
71.0,30.0,294.64786,16.8,2018-01-13 12:00:00,21.5,70.7,68.3,20.17
71.0,30.0,289.3553,22.9,2018-01-13 18:00:00,16.21,61.17,58.1,14.5
71.0,30.0,286.82986,23.5,2018-01-14 00:00:00,13.68,56.62,53.1,11.72
71.0,30.0,294.87943,14.9,2018-01-14 06:00:00,21.73,71.11,68.6,20.33
71.0,30.0,295.40323,11.7,2018-01-14 12:00:00,22.25,72.06,69.5,20.83
71.0,30.0,288.6233,21.4,2018-01-14 18:00:00,15.47,59.85,56.5,13.61
71.0,30.0,286.75537,28.9,2018-01-15 00:00:00,13.61,56.49,53.2,11.78
71.0,30.0,296.15045,18.2,2018-01-15 06:00:00,23.0,73.4,71.3,21.83
71.0,30.0,295.33887,16.0,2018-01-15 12:00:00,22.19,71.94,69.6,20.89
71.0,30.0,288.85538,26.3,2018-01-15 18:00:00,15.71,60.27,57.2,14.0
71.0,30.0,286.024,30.9,2018-01-16 00:00:00,12.87,55.17,51.8,11.0
71.0,30.0,295.46738,16.3,2018-01-16 06:00:00,22.32,72.17,69.9,21.06
71.0,30.0,294.63098,15.8,2018-01-16 12:00:00,21.48,70.67,68.2,20.11
71.0,30.0,288.53244,22.9,2018-01-16 18:00:00,15.38,59.69,56.4,13.56
71.0,30.0,286.0092,26.4,2018-01-17 00:00:00,12.86,55.15,51.6,10.89
71.0,30.0,296.12213,15.9,2018-01-17 06:00:00,22.97,73.35,71.1,21.72
71.0,30.0,295.21725,14.2,2018-01-17 12:00:00,22.07,71.72,69.3,20.72
71.0,30.0,287.25302,20.2,2018-01-17 18:00:00,14.1,57.39,53.8,12.11
71.0,30.0,284.9601,29.1,2018-01-18 00:00:00,11.81,53.26,49.7,9.83
71.0,30.0,295.41565,16.6,2018-01-18 06:00:00,22.27,72.08,69.8,21.0
71.0,30.0,294.87222,14.8,2018-01-18 12:00:00,21.72,71.1,68.6,20.33
71.0,30.0,287.94974,18.6,2018-01-18 18:00:00,14.8,58.64,55.1,12.83
71.0,30.0,285.6851,20.9,2018-01-19 00:00:00,12.54,54.56,50.7,10.39
71.0,30.0,295.0863,12.6,2018-01-19 06:00:00,21.94,71.49,68.9,20.5
71.0,30.0,294.80026,12.4,2018-01-19 12:00:00,21.65,70.97,68.3,20.17
71.0,30.0,288.44733,16.2,2018-01-19 18:00:00,15.3,59.54,56.0,13.33
71.0,30.0,286.02423,19.3,2018-01-20 00:00:00,12.87,55.17,51.3,10.72
71.0,30.0,297.4745,10.3,2018-01-20 06:00:00,24.32,75.78,73.5,23.06
71.0,30.0,295.89185,8.7,2018-01-20 12:00:00,22.74,72.94,70.3,21.28
71.0,30.0,288.38614,14.2,2018-01-20 18:00:00,15.24,59.43,55.7,13.17
71.0,30.0,285.64777,17.8,2018-01-21 00:00:00,12.5,54.5,50.5,10.28
71.0,30.0,297.17465,10.0,2018-01-21 06:00:00,24.02,75.24,72.9,22.72
71.0,30.0,296.6517,9.9,2018-01-21 12:00:00,23.5,74.3,71.9,22.17
71.0,30.0,288.21176,16.0,2018-01-21 18:00:00,15.06,59.11,55.5,13.06
71.0,30.0,285.23044,18.9,2018-01-22 00:00:00,12.08,53.74,49.7,9.83
71.0,30.0,294.2995,11.4,2018-01-22 06:00:00,21.15,70.07,67.3,19.61
71.0,30.0,294.35007,12.2,2018-01-22 12:00:00,21.2,70.16,67.4,19.67
71.0,30.0,286.94025,18.1,2018-01-22 18:00:00,13.79,56.82,53.1,11.72
71.0,30.0,284.79758,22.9,2018-01-23 00:00:00,11.65,52.97,49.0,9.44
71.0,30.0,294.49686,12.0,2018-01-23 06:00:00,21.35,70.42,67.7,19.83
71.0,30.0,293.7235,11.5,2018-01-23 12:00:00,20.57,69.03,66.2,19.0
71.0,30.0,285.52994,22.8,2018-01-23 18:00:00,12.38,54.28,50.5,10.28
71.0,30.0,283.55328,25.9,2018-01-24 00:00:00,10.4,50.73,46.7,8.17
71.0,30.0,292.9647,16.5,2018-01-24 06:00:00,19.81,67.67,64.9,18.28
71.0,30.0,293.88812,15.3,2018-01-24 12:00:00,20.74,69.33,66.7,19.28
71.0,30.0,285.4857,31.6,2018-01-24 18:00:00,12.34,54.2,50.8,10.44
71.0,30.0,282.95007,39.0,2018-01-25 00:00:00,9.8,49.64,46.1,7.83
71.0,30.0,292.227,23.3,2018-01-25 06:00:00,19.08,66.34,63.8,17.67
71.0,30.0,293.5641,19.5,2018-01-25 12:00:00,20.41,68.75,66.2,19.0
71.0,30.0,286.97247,27.6,2018-01-25 18:00:00,13.82,56.88,53.6,12.0
71.0,30.0,283.91284,37.9,2018-01-26 00:00:00,10.76,51.37,48.0,8.89
71.0,30.0,292.90442,24.5,2018-01-26 06:00:00,19.75,67.56,65.2,18.44
71.0,30.0,293.7768,21.0,2018-01-26 12:00:00,20.63,69.13,66.7,19.28
71.0,30.0,285.97113,33.9,2018-01-26 18:00:00,12.82,55.08,51.9,11.06
71.0,30.0,284.07263,35.3,2018-01-27 00:00:00,10.92,51.66,48.2,9.0
71.0,30.0,293.61658,17.6,2018-01-27 06:00:00,20.47,68.84,66.3,19.06
71.0,30.0,293.49863,18.1,2018-01-27 12:00:00,20.35,68.63,66.0,18.89
71.0,30.0,286.73392,27.6,2018-01-27 18:00:00,13.58,56.45,53.1,11.72
71.0,30.0,283.49023,37.3,2018-01-28 00:00:00,10.34,50.61,47.1,8.39
71.0,30.0,292.57336,21.4,2018-01-28 06:00:00,19.42,66.96,64.4,18.0
71.0,30.0,294.23175,17.3,2018-01-28 12:00:00,21.08,69.95,67.5,19.72
71.0,30.0,287.37585,24.4,2018-01-28 18:00:00,14.23,57.61,54.2,12.33
71.0,30.0,285.391,28.7,2018-01-29 00:00:00,12.24,54.03,50.5,10.28
71.0,30.0,294.5213,17.6,2018-01-29 06:00:00,21.37,70.47,68.0,20.0
71.0,30.0,295.23212,19.1,2018-01-29 12:00:00,22.08,71.75,69.5,20.83
71.0,30.0,287.42,32.0,2018-01-29 18:00:00,14.27,57.69,54.7,12.61
71.0,30.0,286.5162,40.4,2018-01-30 00:00:00,13.37,56.06,53.3,11.83
71.0,30.0,294.31497,29.1,2018-01-30 06:00:00,21.16,70.1,68.2,20.11
71.0,30.0,296.728,20.9,2018-01-30 12:00:00,23.58,74.44,72.6,22.56
71.0,30.0,288.80215,35.3,2018-01-30 18:00:00,15.65,60.17,57.5,14.17
71.0,30.0,285.85153,46.4,2018-01-31 00:00:00,12.7,54.86,52.2,11.22
71.0,30.0,296.59033,21.8,2018-01-31 06:00:00,23.44,74.19,72.3,22.39
71.0,30.0,298.36276,19.4,2018-01-31 12:00:00,25.21,77.38,75.7,24.28
71.0,30.0,291.5379,28.2,2018-01-31 18:00:00,18.39,65.1,62.6,17.0
71.0,30.0,286.49167,35.4,2018-02-01 00:00:00,13.34,56.02,53.0,11.67
71.0,30.0,295.76923,23.2,2018-02-01 06:00:00,22.62,72.71,70.8,21.56
71.0,30.0,296.50323,18.4,2018-02-01 12:00:00,23.35,74.04,72.0,22.22
71.0,30.0,287.6539,24.1,2018-02-01 18:00:00,14.5,58.11,54.8,12.67
71.0,30.0,285.5269,26.6,2018-02-02 00:00:00,12.38,54.28,50.7,10.39
71.0,30.0,295.33908,15.0,2018-02-02 06:00:00,22.19,71.94,69.5,20.83
71.0,30.0,296.19937,13.2,2018-02-02 12:00:00,23.05,73.49,71.2,21.78
71.0,30.0,287.36438,21.5,2018-02-02 18:00:00,14.21,57.59,54.1,12.28
71.0,30.0,283.70386,25.9,2018-02-03 00:00:00,10.55,51.0,47.0,8.33
71.0,30.0,295.0455,14.6,2018-02-03 06:00:00,21.9,71.41,68.9,20.5
71.0,30.0,294.68964,13.6,2018-02-03 12:00:00,21.54,70.77,68.2,20.11
71.0,30.0,286.95343,22.3,2018-02-03 18:00:00,13.8,56.85,53.3,11.83
71.0,30.0,284.8954,24.6,2018-02-04 00:00:00,11.75,53.14,49.3,9.61
71.0,30.0,295.48233,12.0,2018-02-04 06:00:00,22.33,72.2,69.7,20.94
71.0,30.0,294.71445,11.6,2018-02-04 12:00:00,21.56,70.82,68.1,20.06
71.0,30.0,287.5571,18.2,2018-02-04 18:00:00,14.41,57.93,54.3,12.39
71.0,30.0,285.57892,20.0,2018-02-05 00:00:00,12.43,54.37,50.4,10.22
71.0,30.0,296.3032,10.4,2018-02-05 06:00:00,23.15,73.68,71.2,21.78
71.0,30.0,296.27548,10.8,2018-02-05 12:00:00,23.13,73.63,71.2,21.78
71.0,30.0,287.03543,15.3,2018-02-05 18:00:00,13.89,56.99,53.1,11.72
71.0,30.0,284.85376,16.2,2018-02-06 00:00:00,11.7,53.07,48.8,9.33
71.0,30.0,295.91632,9.6,2018-02-06 06:00:00,22.77,72.98,70.4,21.33
71.0,30.0,295.4477,9.4,2018-02-06 12:00:00,22.3,72.14,69.5,20.83
71.0,30.0,286.36646,16.0,2018-02-06 18:00:00,13.22,55.79,51.8,11.0
71.0,30.0,285.12402,18.9,2018-02-07 00:00:00,11.97,53.55,49.5,9.72
71.0,30.0,296.1798,9.9,2018-02-07 06:00:00,23.03,73.45,71.0,21.67
71.0,30.0,295.63187,10.0,2018-02-07 12:00:00,22.48,72.47,69.9,21.06
71.0,30.0,286.71817,15.0,2018-02-07 18:00:00,13.57,56.42,52.5,11.39
71.0,30.0,284.4235,15.3,2018-02-08 00:00:00,11.27,52.29,47.9,8.83
71.0,30.0,295.36856,8.6,2018-02-08 06:00:00,22.22,71.99,69.3,20.72
71.0,30.0,295.90057,10.2,2018-02-08 12:00:00,22.75,72.95,70.4,21.33
71.0,30.0,287.31097,16.7,2018-02-08 18:00:00,14.16,57.49,53.7,12.06
71.0,30.0,284.82654,19.3,2018-02-09 00:00:00,11.68,53.02,48.9,9.39
71.0,30.0,294.86008,10.8,2018-02-09 06:00:00,21.71,71.08,68.4,20.22
71.0,30.0,295.7053,10.9,2018-02-09 12:00:00,22.56,72.6,70.1,21.17
71.0,30.0,287.13165,16.8,2018-02-09 18:00:00,13.98,57.17,53.4,11.89
71.0,30.0,285.02393,24.2,2018-02-10 00:00:00,11.87,53.37,49.5,9.72
71.0,30.0,294.90158,13.1,2018-02-10 06:00:00,21.75,71.15,68.6,20.33
71.0,30.0,296.19815,14.0,2018-02-10 12:00:00,23.05,73.49,71.2,21.78
71.0,30.0,287.05267,24.4,2018-02-10 18:00:00,13.9,57.02,53.6,12.0
71.0,30.0,288.80045,27.1,2018-02-11 00:00:00,15.65,60.17,57.2,14.0
71.0,30.0,290.9825,37.9,2018-02-11 06:00:00,17.83,64.1,62.0,16.67
71.0,30.0,291.94885,38.9,2018-02-11 12:00:00,18.8,65.84,64.0,17.78
71.0,30.0,285.11646,68.6,2018-02-11 18:00:00,11.97,53.54,51.8,11.0
71.0,30.0,282.9234,84.7,2018-02-12 00:00:00,9.77,49.59,48.2,9.0
71.0,30.0,290.3968,50.6,2018-02-12 06:00:00,17.25,63.04,61.4,16.33
71.0,30.0,295.66327,21.4,2018-02-12 12:00:00,22.51,72.52,70.5,21.39
71.0,30.0,284.7412,74.5,2018-02-12 18:00:00,11.59,52.86,51.3,10.72
71.0,30.0,282.796,92.9,2018-02-13 00:00:00,9.65,49.36,48.4,9.11
71.0,30.0,290.98972,50.0,2018-02-13 06:00:00,17.84,64.11,62.6,17.0
71.0,30.0,294.38235,32.5,2018-02-13 12:00:00,21.23,70.22,68.5,20.28
71.0,30.0,286.71027,60.5,2018-02-13 18:00:00,13.56,56.41,54.6,12.56
71.0,30.0,284.25052,75.9,2018-02-14 00:00:00,11.1,51.98,50.4,10.22
71.0,30.0,293.629,39.9,2018-02-14 06:00:00,20.48,68.86,67.3,19.61
71.0,30.0,296.08032,30.8,2018-02-14 12:00:00,22.93,73.27,71.7,22.06
71.0,30.0,288.1996,47.5,2018-02-14 18:00:00,15.05,59.09,56.9,13.83
71.0,30.0,285.9963,59.1,2018-02-15 00:00:00,12.85,55.12,53.1,11.72
71.0,30.0,296.51923,29.7,2018-02-15 06:00:00,23.37,74.06,72.6,22.56
71.0,30.0,298.40213,25.7,2018-02-15 12:00:00,25.25,77.45,76.1,24.5
71.0,30.0,289.83417,42.2,2018-02-15 18:00:00,16.68,62.03,59.9,15.5
71.0,30.0,288.22202,43.2,2018-02-16 00:00:00,15.07,59.13,56.8,13.78
71.0,30.0,299.58746,22.9,2018-02-16 06:00:00,26.44,79.59,78.3,25.72
71.0,30.0,302.02658,20.6,2018-02-16 12:00:00,28.88,83.98,81.3,27.39
71.0,30.0,291.02194,36.7,2018-02-16 18:00:00,17.87,64.17,62.0,16.67
71.0,30.0,287.09882,49.9,2018-02-17 00:00:00,13.95,57.11,54.9,12.72
71.0,30.0,298.22916,23.9,2018-02-17 06:00:00,25.08,77.14,75.7,24.28
71.0,30.0,300.32947,19.9,2018-02-17 12:00:00,27.18,80.92,79.6,26.44
71.0,30.0,291.2573,37.1,2018-02-17 18:00:00,18.11,64.59,62.5,16.94
71.0,30.0,288.29767,47.4,2018-02-18 00:00:00,15.15,59.27,57.1,13.94
71.0,30.0,300.47357,21.0,2018-02-18 06:00:00,27.32,81.18,80.0,26.67
71.0,30.0,302.15247,15.7,2018-02-18 12:00:00,29.0,84.2,81.3,27.39
71.0,30.0,292.4086,29.8,2018-02-18 18:00:00,19.26,66.67,64.4,18.0
71.0,30.0,289.97006,34.6,2018-02-19 00:00:00,16.82,62.28,59.8,15.44
71.0,30.0,299.58453,21.1,2018-02-19 06:00:00,26.43,79.58,78.2,25.67
71.0,30.0,301.7295,17.6,2018-02-19 12:00:00,28.58,83.44,80.8,27.11
71.0,30.0,292.19852,27.2,2018-02-19 18:00:00,19.05,66.29,63.9,17.72
71.0,30.0,290.16275,34.7,2018-02-20 00:00:00,17.01,62.62,60.2,15.67
71.0,30.0,301.1677,17.4,2018-02-20 06:00:00,28.02,82.43,80.1,26.72
71.0,30.0,303.82773,14.8,2018-02-20 12:00:00,30.68,87.22,83.6,28.67
71.0,30.0,293.1361,26.0,2018-02-20 18:00:00,19.99,67.97,65.7,18.72
71.0,30.0,290.20627,31.3,2018-02-21 00:00:00,17.06,62.7,60.1,15.61
71.0,30.0,300.16,19.6,2018-02-21 06:00:00,27.01,80.62,79.3,26.28
71.0,30.0,302.7092,15.7,2018-02-21 12:00:00,29.56,85.21,82.1,27.83
71.0,30.0,293.57883,28.7,2018-02-21 18:00:00,20.43,68.77,66.7,19.28
71.0,30.0,291.2054,37.9,2018-02-22 00:00:00,18.06,64.5,62.4,16.89
71.0,30.0,300.70972,23.5,2018-02-22 06:00:00,27.56,81.61,79.8,26.56
71.0,30.0,302.2823,20.7,2018-02-22 12:00:00,29.13,84.44,81.6,27.56
71.0,30.0,294.27942,33.1,2018-02-22 18:00:00,21.13,70.03,68.3,20.17
71.0,30.0,292.81308,40.2,2018-02-23 00:00:00,19.66,67.39,65.7,18.72
71.0,30.0,300.66074,21.5,2018-02-23 06:00:00,27.51,81.52,79.6,26.44
71.0,30.0,301.81638,18.8,2018-02-23 12:00:00,28.67,83.6,80.9,27.17
71.0,30.0,289.8184,58.6,2018-02-23 18:00:00,16.67,62.0,60.7,15.94
71.0,30.0,287.35,82.4,2018-02-24 00:00:00,14.2,57.56,56.9,13.83
71.0,30.0,295.61462,49.0,2018-02-24 06:00:00,22.46,72.44,71.7,22.06
71.0,30.0,298.87683,33.9,2018-02-24 12:00:00,25.73,78.31,77.4,25.22
71.0,30.0,290.01917,63.5,2018-02-24 18:00:00,16.87,62.36,61.3,16.28
71.0,30.0,288.19342,73.1,2018-02-25 00:00:00,15.04,59.08,58.1,14.5
71.0,30.0,297.2919,37.4,2018-02-25 06:00:00,24.14,75.46,74.5,23.61
71.0,30.0,299.69925,30.0,2018-02-25 12:00:00,26.55,79.79,78.9,26.06
71.0,30.0,291.62512,50.5,2018-02-25 18:00:00,18.48,65.26,63.9,17.72
71.0,30.0,290.08044,55.4,2018-02-26 00:00:00,16.93,62.47,61.0,16.11
71.0,30.0,300.4685,30.8,2018-02-26 06:00:00,27.32,81.17,80.0,26.67
71.0,30.0,302.97943,25.8,2018-02-26 12:00:00,29.83,85.69,83.0,28.33
71.0,30.0,295.2632,39.5,2018-02-26 18:00:00,22.11,71.8,70.5,21.39
71.0,30.0,290.50034,60.7,2018-02-27 00:00:00,17.35,63.23,62.1,16.72
71.0,30.0,301.4085,29.4,2018-02-27 06:00:00,28.26,82.87,81.1,27.28
71.0,30.0,303.34903,22.2,2018-02-27 12:00:00,30.2,86.36,83.3,28.5
71.0,30.0,294.82874,39.4,2018-02-27 18:00:00,21.68,71.02,69.7,20.94
71.0,30.0,292.90237,43.0,2018-02-28 00:00:00,19.75,67.55,66.0,18.89
71.0,30.0,302.3078,25.1,2018-02-28 06:00:00,29.16,84.48,82.0,27.78
71.0,30.0,304.95343,19.8,2018-02-28 12:00:00,31.8,89.25,85.6,29.78
71.0,30.0,296.49014,37.0,2018-02-28 18:00:00,23.34,74.01,72.9,22.72
71.0,30.0,292.94318,69.1,2018-03-01 00:00:00,19.79,67.63,67.3,19.61
71.0,30.0,300.10913,37.5,2018-03-01 06:00:00,26.96,80.53,80.1,26.72
71.0,30.0,303.17,26.1,2018-03-01 12:00:00,30.02,86.04,83.3,28.5
71.0,30.0,291.4137,78.7,2018-03-01 18:00:00,18.26,64.87,64.8,18.22
71.0,30.0,288.6215,87.3,2018-03-02 00:00:00,15.47,59.85,59.6,15.33
71.0,30.0,299.27277,44.5,2018-03-02 06:00:00,26.12,79.02,78.7,25.94
71.0,30.0,304.88446,19.3,2018-03-02 12:00:00,31.73,89.12,85.5,29.72
71.0,30.0,295.36386,31.1,2018-03-02 18:00:00,22.21,71.98,70.3,21.28
71.0,30.0,294.66183,44.2,2018-03-03 00:00:00,21.51,70.72,69.6,20.89
71.0,30.0,300.1202,32.2,2018-03-03 06:00:00,26.97,80.55,79.8,26.56
71.0,30.0,301.7638,25.5,2018-03-03 12:00:00,28.61,83.5,81.2,27.33
71.0,30.0,293.63547,48.6,2018-03-03 18:00:00,20.49,68.87,67.7,19.83
71.0,30.0,289.89197,57.8,2018-03-04 00:00:00,16.74,62.14,60.8,16.0
71.0,30.0,298.6417,34.9,2018-03-04 06:00:00,25.49,77.89,77.0,25.0
71.0,30.0,301.42725,21.4,2018-03-04 12:00:00,28.28,82.9,80.6,27.0
71.0,30.0,292.47644,45.4,2018-03-04 18:00:00,19.33,66.79,65.3,18.5
71.0,30.0,289.92764,52.8,2018-03-05 00:00:00,16.78,62.2,60.6,15.89
71.0,30.0,300.7249,25.7,2018-03-05 06:00:00,27.57,81.63,79.9,26.61
71.0,30.0,302.6288,16.7,2018-03-05 12:00:00,29.48,85.06,82.0,27.78
71.0,30.0,292.43445,40.9,2018-03-05 18:00:00,19.28,66.71,65.0,18.33
71.0,30.0,289.66296,52.8,2018-03-06 00:00:00,16.51,61.72,60.1,15.61
71.0,30.0,301.45438,23.5,2018-03-06 06:00:00,28.3,82.95,80.7,27.06
71.0,30.0,304.25095,15.3,2018-03-06 12:00:00,31.1,87.98,84.3,29.06
71.0,30.0,294.3422,26.6,2018-03-06 18:00:00,21.19,70.15,68.1,20.06
71.0,30.0,290.78006,31.7,2018-03-07 00:00:00,17.63,63.73,61.3,16.28
71.0,30.0,302.85257,16.8,2018-03-07 06:00:00,29.7,85.46,82.3,27.94
71.0,30.0,305.11176,13.4,2018-03-07 12:00:00,31.96,89.53,85.5,29.72
71.0,30.0,294.59628,21.4,2018-03-07 18:00:00,21.45,70.6,68.4,20.22
71.0,30.0,290.60202,34.4,2018-03-08 00:00:00,17.45,63.41,61.1,16.17
71.0,30.0,303.2942,18.3,2018-03-08 06:00:00,30.14,86.26,83.0,28.33
71.0,30.0,304.2583,13.1,2018-03-08 12:00:00,31.11,87.99,84.2,29.0
71.0,30.0,297.87106,31.2,2018-03-08 18:00:00,24.72,76.5,75.3,24.06
71.0,30.0,291.26364,60.9,2018-03-09 00:00:00,18.11,64.6,63.6,17.56
71.0,30.0,302.06015,26.0,2018-03-09 06:00:00,28.91,84.04,81.7,27.61
71.0,30.0,303.7,19.8,2018-03-09 12:00:00,30.55,86.99,83.6,28.67
71.0,30.0,293.92914,37.6,2018-03-09 18:00:00,20.78,69.4,67.8,19.89
71.0,30.0,291.64542,47.5,2018-03-10 00:00:00,18.5,65.29,63.8,17.67
71.0,30.0,302.86923,21.0,2018-03-10 06:00:00,29.72,85.49,82.5,28.06
71.0,30.0,304.9,17.2,2018-03-10 12:00:00,31.75,89.15,85.3,29.61
71.0,30.0,294.90747,30.5,2018-03-10 18:00:00,21.76,71.16,69.4,20.78
71.0,30.0,292.64508,35.8,2018-03-11 00:00:00,19.5,67.09,65.2,18.44
71.0,30.0,304.02612,17.5,2018-03-11 06:00:00,30.88,87.58,84.0,28.89
71.0,30.0,306.4317,13.9,2018-03-11 12:00:00,33.28,91.91,87.6,30.89
71.0,30.0,296.82193,23.1,2018-03-11 18:00:00,23.67,74.61,72.9,22.72
71.0,30.0,294.65866,25.0,2018-03-12 00:00:00,21.51,70.72,68.7,20.39
71.0,30.0,306.18713,14.2,2018-03-12 06:00:00,33.04,91.47,87.2,30.67
71.0,30.0,308.4853,9.9,2018-03-12 12:00:00,35.34,95.6,90.0,32.22
71.0,30.0,296.94116,17.6,2018-03-12 18:00:00,23.79,74.82,72.8,22.67
71.0,30.0,293.08624,22.8,2018-03-13 00:00:00,19.94,67.89,65.5,18.61
71.0,30.0,306.18298,13.1,2018-03-13 06:00:00,33.03,91.46,87.2,30.67
71.0,30.0,308.69254,8.7,2018-03-13 12:00:00,35.54,95.98,90.0,32.22
71.0,30.0,295.09998,17.9,2018-03-13 18:00:00,21.95,71.51,69.2,20.67
71.0,30.0,291.9313,45.3,2018-03-14 00:00:00,18.78,65.81,64.2,17.89
71.0,30.0,302.62866,20.3,2018-03-14 06:00:00,29.48,85.06,82.1,27.83
71.0,30.0,305.5,16.1,2018-03-14 12:00:00,32.35,90.23,86.2,30.11
71.0,30.0,294.9,44.9,2018-03-14 18:00:00,21.75,71.15,70.1,21.17
71.0,30.0,290.6927,61.6,2018-03-15 00:00:00,17.54,63.58,62.5,16.94
71.0,30.0,302.34894,18.0,2018-03-15 06:00:00,29.2,84.56,81.6,27.56
71.0,30.0,304.22156,6.2,2018-03-15 12:00:00,31.07,87.93,83.1,28.39
71.0,30.0,291.89996,29.9,2018-03-15 18:00:00,18.75,65.75,63.4,17.44
71.0,30.0,290.05746,45.9,2018-03-16 00:00:00,16.91,62.43,60.5,15.83
71.0,30.0,302.96857,21.2,2018-03-16 06:00:00,29.82,85.67,82.6,28.11
71.0,30.0,304.12848,13.4,2018-03-16 12:00:00,30.98,87.76,84.0,28.89
71.0,30.0,294.3,25.0,2018-03-16 18:00:00,21.15,70.07,68.0,20.0
71.0,30.0,291.47507,30.9,2018-03-17 00:00:00,18.33,64.99,62.6,17.0
71.0,30.0,304.04633,15.6,2018-03-17 06:00:00,30.9,87.61,84.0,28.89
71.0,30.0,305.92444,9.8,2018-03-17 12:00:00,32.77,90.99,86.0,30.0
71.0,30.0,294.62448,20.9,2018-03-17 18:00:00,21.47,70.65,68.4,20.22
71.0,30.0,291.63342,27.0,2018-03-18 00:00:00,18.48,65.27,62.8,17.11
71.0,30.0,305.4012,11.3,2018-03-18 06:00:00,32.25,90.05,85.6,29.78
71.0,30.0,306.77554,9.2,2018-03-18 12:00:00,33.63,92.53,87.2,30.67
71.0,30.0,299.0,16.0,2018-03-18 18:00:00,25.85,78.53,76.8,24.89
71.0,30.0,295.0569,21.3,2018-03-19 00:00:00,21.91,71.43,69.3,20.72
71.0,30.0,300.84,16.3,2018-03-19 06:00:00,27.69,81.84,79.6,26.44
71.0,30.0,305.6294,13.3,2018-03-19 12:00:00,32.48,90.46,86.3,30.17
71.0,30.0,295.2123,27.0,2018-03-19 18:00:00,22.06,71.71,69.8,21.0
71.0,30.0,291.0907,52.4,2018-03-20 00:00:00,17.94,64.29,62.9,17.17
71.0,30.0,304.79227,14.5,2018-03-20 12:00:00,31.64,88.96,85.1,29.5
71.0,30.0,295.61386,36.2,2018-03-20 18:00:00,22.46,72.43,71.1,21.72
71.0,30.0,290.95804,62.2,2018-03-21 00:00:00,17.81,64.05,63.1,17.28
71.0,30.0,301.3054,27.5,2018-03-21 06:00:00,28.16,82.68,80.8,27.11
71.0,30.0,302.35043,23.6,2018-03-21 12:00:00,29.2,84.56,81.9,27.72
71.0,30.0,292.86548,44.4,2018-03-21 18:00:00,19.72,67.49,66.0,18.89
71.0,30.0,291.37982,50.0,2018-03-22 00:00:00,18.23,64.81,63.3,17.39
71.0,30.0,301.42752,26.3,2018-03-22 06:00:00,28.28,82.9,80.8,27.11
71.0,30.0,303.1,23.0,2018-03-22 12:00:00,29.95,85.91,83.0,28.33
71.0,30.0,293.9875,39.5,2018-03-22 18:00:00,20.84,69.51,68.0,20.0
71.0,30.0,291.5341,46.5,2018-03-23 00:00:00,18.38,65.09,63.5,17.5
71.0,30.0,303.47134,22.0,2018-03-23 06:00:00,30.32,86.58,83.4,28.56
71.0,30.0,306.2417,13.5,2018-03-23 12:00:00,33.09,91.57,87.3,30.72
71.0,30.0,295.708,29.7,2018-03-23 18:00:00,22.56,72.6,71.0,21.67
71.0,30.0,292.54483,38.0,2018-03-24 00:00:00,19.39,66.91,65.1,18.39
71.0,30.0,305.41907,17.7,2018-03-24 06:00:00,32.27,90.08,86.2,30.11
71.0,30.0,307.418,12.6,2018-03-24 12:00:00,34.27,93.68,89.1,31.72
71.0,30.0,297.31497,25.4,2018-03-24 18:00:00,24.16,75.5,73.9,23.28
71.0,30.0,294.08264,35.1,2018-03-25 00:00:00,20.93,69.68,68.0,20.0
71.0,30.0,307.69885,12.9,2018-03-25 06:00:00,34.55,94.19,89.6,32.0
71.0,30.0,309.77396,9.3,2018-03-25 12:00:00,36.62,97.92,91.9,33.28
71.0,30.0,299.02927,16.6,2018-03-25 18:00:00,25.88,78.58,76.9,24.94
71.0,30.0,295.88315,17.7,2018-03-26 00:00:00,22.73,72.92,70.7,21.5
71.0,30.0,310.30884,5.3,2018-03-26 06:00:00,37.16,98.89,91.6,33.11
71.0,30.0,311.9053,3.7,2018-03-26 12:00:00,38.76,101.76,93.7,34.28
71.0,30.0,299.14822,9.8,2018-03-26 18:00:00,26.0,78.8,76.8,24.89
71.0,30.0,296.06393,10.8,2018-03-27 00:00:00,22.91,73.25,70.8,21.56
71.0,30.0,310.16788,7.4,2018-03-27 06:00:00,37.02,98.63,92.0,33.33
71.0,30.0,310.77783,7.4,2018-03-27 12:00:00,37.63,99.73,93.0,33.89
71.0,30.0,298.00116,15.6,2018-03-27 18:00:00,24.85,76.73,74.8,23.78
71.0,30.0,296.2433,21.0,2018-03-28 00:00:00,23.09,73.57,71.6,22.0
71.0,30.0,309.87784,9.3,2018-03-28 06:00:00,36.73,98.11,92.1,33.39
71.0,30.0,310.9511,8.1,2018-03-28 12:00:00,37.8,100.04,93.5,34.17
71.0,30.0,299.097,13.9,2018-03-28 18:00:00,25.95,78.7,76.9,24.94
71.0,30.0,295.8857,17.4,2018-03-29 00:00:00,22.74,72.92,70.7,21.5
71.0,30.0,309.7126,9.2,2018-03-29 06:00:00,36.56,97.81,91.8,33.22
71.0,30.0,312.93735,4.0,2018-03-29 12:00:00,39.79,103.62,95.3,35.17
71.0,30.0,300.1683,8.5,2018-03-29 18:00:00,27.02,80.63,78.8,26.0
71.0,30.0,296.17416,9.6,2018-03-30 00:00:00,23.02,73.44,70.9,21.61
71.0,30.0,310.5,5.4,2018-03-30 06:00:00,37.35,99.23,91.9,33.28
71.0,30.0,312.82437,5.2,2018-03-30 12:00:00,39.67,103.41,95.5,35.28
71.0,30.0,300.0195,9.7,2018-03-30 18:00:00,26.87,80.37,78.6,25.89
71.0,30.0,297.7594,11.2,2018-03-31 00:00:00,24.61,76.3,74.2,23.44
71.0,30.0,312.07013,5.1,2018-03-31 06:00:00,38.92,102.06,94.3,34.61
71.0,30.0,313.69098,5.1,2018-03-31 12:00:00,40.54,104.97,96.9,36.06
71.0,30.0,301.0975,9.2,2018-03-31 18:00:00,27.95,82.31,79.3,26.28
71.0,30.0,297.05682,12.0,2018-04-01 00:00:00,23.91,75.03,72.8,22.67
71.0,30.0,309.97693,7.4,2018-04-01 06:00:00,36.83,98.29,91.7,33.17
71.0,30.0,313.0023,6.3,2018-04-01 12:00:00,39.85,103.73,96.2,35.67
71.0,30.0,300.51358,16.1,2018-04-01 18:00:00,27.36,81.25,79.8,26.56
71.0,30.0,296.46603,25.0,2018-04-02 00:00:00,23.32,73.97,72.2,22.33
71.0,30.0,309.05627,11.7,2018-04-02 06:00:00,35.91,96.63,91.5,33.06
71.0,30.0,312.93588,8.4,2018-04-02 12:00:00,39.79,103.61,97.0,36.11
71.0,30.0,302.00604,16.9,2018-04-02 18:00:00,28.86,83.94,81.1,27.28
71.0,30.0,300.32852,20.4,2018-04-03 00:00:00,27.18,80.92,79.7,26.5
71.0,30.0,310.71375,13.6,2018-04-03 06:00:00,37.56,99.61,95.1,35.06
71.0,30.0,312.6224,9.9,2018-04-03 12:00:00,39.47,103.05,97.1,36.17
71.0,30.0,301.01294,18.5,2018-04-03 18:00:00,27.86,82.15,79.9,26.61
71.0,30.0,297.7694,30.5,2018-04-04 00:00:00,24.62,76.31,75.1,23.94
71.0,30.0,309.32748,16.5,2018-04-04 06:00:00,36.18,97.12,93.1,33.94
71.0,30.0,312.4533,9.7,2018-04-04 12:00:00,39.3,102.75,96.7,35.94
71.0,30.0,303.0163,22.2,2018-04-04 18:00:00,29.87,85.76,82.8,28.22
71.0,30.0,299.02686,28.5,2018-04-05 00:00:00,25.88,78.58,77.5,25.28
71.0,30.0,311.00748,13.5,2018-04-05 06:00:00,37.86,100.14,95.6,35.33
71.0,30.0,311.61816,11.8,2018-04-05 12:00:00,38.47,101.24,96.1,35.61
71.0,30.0,302.74384,23.4,2018-04-05 18:00:00,29.59,85.27,82.5,28.06
71.0,30.0,298.56033,28.7,2018-04-06 00:00:00,25.41,77.74,76.6,24.78
71.0,30.0,311.08392,14.1,2018-04-06 06:00:00,37.93,100.28,95.9,35.5
71.0,30.0,312.6,9.8,2018-04-06 12:00:00,39.45,103.01,97.0,36.11
71.0,30.0,302.8,18.0,2018-04-06 18:00:00,29.65,85.37,82.2,27.89
71.0,30.0,298.63904,27.1,2018-04-07 00:00:00,25.49,77.88,76.6,24.78
71.0,30.0,311.14908,13.3,2018-04-07 06:00:00,38.0,100.4,95.8,35.44
71.0,30.0,312.9,9.6,2018-04-07 12:00:00,39.75,103.55,97.4,36.33
71.0,30.0,303.59506,16.6,2018-04-07 18:00:00,30.45,86.8,83.3,28.5
71.0,30.0,301.5242,20.8,2018-04-08 00:00:00,28.37,83.07,80.6,27.0
71.0,30.0,312.38766,12.3,2018-04-08 06:00:00,39.24,102.63,97.8,36.56
71.0,30.0,314.35355,9.5,2018-04-08 12:00:00,41.2,106.17,100.0,37.78
71.0,30.0,305.5147,18.8,2018-04-08 18:00:00,32.36,90.26,86.5,30.28
71.0,30.0,300.01663,35.3,2018-04-09 00:00:00,26.87,80.36,79.8,26.56
71.0,30.0,305.9,31.4,2018-04-09 06:00:00,32.75,90.95,89.4,31.89
71.0,30.0,309.30463,23.0,2018-04-09 12:00:00,36.15,97.08,94.8,34.89
71.0,30.0,298.2294,53.5,2018-04-09 18:00:00,25.08,77.14,77.1,25.06
71.0,30.0,297.58154,54.8,2018-04-10 00:00:00,24.43,75.98,75.9,24.39
71.0,30.0,305.4338,30.0,2018-04-10 06:00:00,32.28,90.11,88.1,31.17
71.0,30.0,309.8245,16.2,2018-04-10 12:00:00,36.67,98.01,94.0,34.44
71.0,30.0,302.09952,30.0,2018-04-10 18:00:00,28.95,84.11,82.1,27.83
71.0,30.0,299.7711,28.2,2018-04-11 00:00:00,26.62,79.92,78.9,26.06
71.0,30.0,304.5,30.1,2018-04-11 06:00:00,31.35,88.43,86.2,30.11
71.0,30.0,308.3294,15.9,2018-04-11 12:00:00,35.18,95.32,91.1,32.83
71.0,30.0,301.0,34.0,2018-04-11 18:00:00,27.85,82.13,80.9,27.17
71.0,30.0,297.3943,47.4,2018-04-12 00:00:00,24.24,75.64,75.1,23.94
71.0,30.0,306.1706,25.5,2018-04-12 06:00:00,33.02,91.44,88.6,31.44
71.0,30.0,308.6294,14.2,2018-04-12 12:00:00,35.48,95.86,91.4,33.0
71.0,30.0,301.82217,18.3,2018-04-12 18:00:00,28.67,83.61,80.9,27.17
71.0,30.0,298.4752,19.6,2018-04-13 00:00:00,25.33,77.59,76.0,24.44
71.0,30.0,307.20676,13.5,2018-04-13 06:00:00,34.06,93.3,88.9,31.61
71.0,30.0,308.87906,10.6,2018-04-13 12:00:00,35.73,96.31,90.8,32.67
71.0,30.0,302.56787,20.3,2018-04-13 18:00:00,29.42,84.95,82.0,27.78
71.0,30.0,298.74286,32.4,2018-04-14 00:00:00,25.59,78.07,77.1,25.06
71.0,30.0,308.6647,16.7,2018-04-14 06:00:00,35.51,95.93,91.8,33.22
71.0,30.0,310.98627,11.9,2018-04-14 12:00:00,37.84,100.11,95.0,35.0
71.0,30.0,304.4147,16.1,2018-04-14 18:00:00,31.26,88.28,84.5,29.17
71.0,30.0,299.8082,26.7,2018-04-15 00:00:00,26.66,79.98,78.9,26.06
71.0,30.0,309.5,14.9,2018-04-15 06:00:00,36.35,97.43,93.1,33.94
71.0,30.0,311.92545,11.4,2018-04-15 12:00:00,38.78,101.8,96.5,35.83
71.0,30.0,304.80002,27.2,2018-04-15 18:00:00,31.65,88.97,86.3,30.17
71.0,30.0,298.34924,52.0,2018-04-16 00:00:00,25.2,77.36,77.2,25.11
71.0,30.0,306.57242,26.1,2018-04-16 06:00:00,33.42,92.16,89.6,32.0
71.0,30.0,308.4,20.6,2018-04-16 12:00:00,35.25,95.45,92.1,33.39
71.0,30.0,301.78854,36.8,2018-04-16 18:00:00,28.64,83.55,82.4,28.0
71.0,30.0,298.75574,45.7,2018-04-17 00:00:00,25.61,78.09,77.7,25.39
71.0,30.0,305.18283,29.7,2018-04-17 06:00:00,32.03,89.66,87.5,30.83
71.0,30.0,308.11493,20.6,2018-04-17 12:00:00,34.96,94.94,91.5,33.06
71.0,30.0,302.81384,33.1,2018-04-17 18:00:00,29.66,85.39,83.6,28.67
71.0,30.0,299.32852,42.4,2018-04-18 00:00:00,26.18,79.12,78.7,25.94
71.0,30.0,308.5174,23.3,2018-04-18 06:00:00,35.37,95.66,93.1,33.94
71.0,30.0,310.8,13.9,2018-04-18 12:00:00,37.65,99.77,95.3,35.17
71.0,30.0,303.3078,15.4,2018-04-18 18:00:00,30.16,86.28,82.9,28.28
71.0,30.0,299.5737,19.1,2018-04-19 00:00:00,26.42,79.56,78.1,25.61
71.0,30.0,308.96127,11.9,2018-04-19 06:00:00,35.81,96.46,91.4,33.0
71.0,30.0,310.6,10.9,2018-04-19 12:00:00,37.45,99.41,93.9,34.39
71.0,30.0,303.9354,21.7,2018-04-19 18:00:00,30.79,87.41,84.1,28.94
71.0,30.0,297.8921,35.2,2018-04-20 00:00:00,24.74,76.54,75.5,24.17
71.0,30.0,304.2,7.0,2018-04-20 06:00:00,31.05,87.89,83.1,28.39
71.0,30.0,307.6,5.0,2018-04-20 12:00:00,34.45,94.01,87.4,30.78
71.0,30.0,297.9607,9.2,2018-04-20 18:00:00,24.81,76.66,74.5,23.61
71.0,30.0,293.94626,58.5,2018-04-21 00:00:00,20.8,69.43,68.8,20.44
71.0,30.0,301.88977,30.7,2018-04-21 06:00:00,28.74,83.73,81.9,27.72
71.0,30.0,305.1,14.9,2018-04-21 12:00:00,31.95,89.51,85.5,29.72
71.0,30.0,298.66345,24.2,2018-04-21 18:00:00,25.51,77.92,76.5,24.72
71.0,30.0,295.4764,30.1,2018-04-22 00:00:00,22.33,72.19,70.5,21.39
71.0,30.0,306.0,15.5,2018-04-22 06:00:00,32.85,91.13,87.0,30.56
71.0,30.0,308.4147,9.0,2018-04-22 12:00:00,35.26,95.48,89.6,32.0
71.0,30.0,301.7,12.7,2018-04-22 18:00:00,28.55,83.39,80.6,27.0
71.0,30.0,298.1,12.6,2018-04-23 00:00:00,24.95,76.91,74.9,23.83
71.0,30.0,310.23663,5.3,2018-04-23 06:00:00,37.09,98.76,91.5,33.06
71.0,30.0,312.41425,3.9,2018-04-23 12:00:00,39.26,102.68,94.5,34.72
71.0,30.0,303.8606,8.5,2018-04-23 18:00:00,30.71,87.28,82.9,28.28
71.0,30.0,300.0285,10.3,2018-04-24 00:00:00,26.88,80.38,78.6,25.89
71.0,30.0,312.04742,5.0,2018-04-24 06:00:00,38.9,102.02,94.3,34.61
71.0,30.0,314.8,4.4,2018-04-24 12:00:00,41.65,106.97,98.4,36.89
71.0,30.0,306.7853,6.3,2018-04-24 18:00:00,33.64,92.54,86.6,30.33
71.0,30.0,302.8723,11.7,2018-04-25 00:00:00,29.72,85.5,82.0,27.78
71.0,30.0,315.7683,4.5,2018-04-25 06:00:00,42.62,108.71,100.0,37.78
71.0,30.0,315.1683,4.7,2018-04-25 12:00:00,42.02,107.63,99.1,37.28
71.0,30.0,304.80212,13.7,2018-04-25 18:00:00,31.65,88.97,85.1,29.5
71.0,30.0,302.79886,15.2,2018-04-26 00:00:00,29.65,85.37,82.2,27.89
71.0,30.0,314.13187,8.3,2018-04-26 06:00:00,40.98,105.77,99.0,37.22
71.0,30.0,315.5147,6.2,2018-04-26 12:00:00,42.36,108.26,100.4,38.0
71.0,30.0,308.4,8.1,2018-04-26 18:00:00,35.25,95.45,89.3,31.83
71.0,30.0,305.15646,14.3,2018-04-27 00:00:00,32.01,89.61,85.6,29.78
71.0,30.0,314.08386,8.2,2018-04-27 06:00:00,40.93,105.68,98.9,37.17
71.0,30.0,315.61566,7.8,2018-04-27 12:00:00,42.47,108.44,101.4,38.56
71.0,30.0,306.91678,13.5,2018-04-27 18:00:00,33.77,92.78,88.4,31.33
71.0,30.0,304.23767,17.0,2018-04-28 00:00:00,31.09,87.96,84.3,29.06
71.0,30.0,314.23892,9.9,2018-04-28 06:00:00,41.09,105.96,100.0,37.78
71.0,30.0,315.9733,7.4,2018-04-28 12:00:00,42.82,109.08,101.8,38.78
71.0,30.0,308.3,12.1,2018-04-28 18:00:00,35.15,95.27,90.4,32.44
71.0,30.0,303.95163,16.7,2018-04-29 00:00:00,30.8,87.44,83.9,28.83
71.0,30.0,315.30698,10.0,2018-04-29 06:00:00,42.16,107.88,102.1,38.94
71.0,30.0,316.29324,8.2,2018-04-29 12:00:00,43.14,109.66,102.9,39.39
71.0,30.0,308.50024,10.4,2018-04-29 18:00:00,35.35,95.63,90.1,32.28
71.0,30.0,304.35385,14.3,2018-04-30 00:00:00,31.2,88.17,84.4,29.11
71.0,30.0,314.94614,8.9,2018-04-30 06:00:00,41.8,107.23,100.8,38.22
71.0,30.0,317.65387,6.2,2018-04-30 12:00:00,44.5,112.11,104.4,40.22
71.0,30.0,308.80023,10.1,2018-04-30 18:00:00,35.65,96.17,90.5,32.5
71.0,30.0,304.91397,14.1,2018-05-01 00:00:00,31.76,89.18,85.2,29.56
71.0,30.0,316.69302,8.3,2018-05-01 06:00:00,43.54,110.38,103.7,39.83
71.0,30.0,317.6212,6.6,2018-05-01 12:00:00,44.47,112.05,104.6,40.33
71.0,30.0,310.4606,9.3,2018-05-01 18:00:00,37.31,99.16,93.1,33.94
71.0,30.0,305.19998,17.0,2018-05-02 00:00:00,32.05,89.69,85.8,29.89
71.0,30.0,314.40048,14.1,2018-05-02 06:00:00,41.25,106.25,102.7,39.28
71.0,30.0,316.0,11.1,2018-05-02 12:00:00,42.85,109.13,104.2,40.11
71.0,30.0,308.40747,15.9,2018-05-02 18:00:00,35.26,95.46,91.2,32.89
71.0,30.0,304.9286,21.1,2018-05-03 00:00:00,31.78,89.2,85.7,29.83
71.0,30.0,311.32193,21.0,2018-05-03 06:00:00,38.17,100.71,98.8,37.11
71.0,30.0,312.3,15.0,2018-05-03 12:00:00,39.15,102.47,98.6,37.0
71.0,30.0,305.90002,23.1,2018-05-03 18:00:00,32.75,90.95,87.7,30.94
71.0,30.0,302.94583,27.4,2018-05-04 00:00:00,29.8,85.63,83.1,28.39
71.0,30.0,310.23834,20.6,2018-05-04 06:00:00,37.09,98.76,96.1,35.61
71.0,30.0,313.14148,14.0,2018-05-04 12:00:00,39.99,103.98,100.0,37.78
71.0,30.0,306.03067,23.4,2018-05-04 18:00:00,32.88,91.19,88.0,31.11
71.0,30.0,302.7768,27.9,2018-05-05 00:00:00,29.63,85.33,82.9,28.28
71.0,30.0,313.38452,16.6,2018-05-05 06:00:00,40.23,104.42,101.7,38.72
71.0,30.0,315.5461,11.1,2018-05-05 12:00:00,42.4,108.31,103.2,39.56
71.0,30.0,308.4,17.9,2018-05-05 18:00:00,35.25,95.45,91.6,33.11
71.0,30.0,304.24655,34.4,2018-05-06 00:00:00,31.1,87.97,86.5,30.28
71.0,30.0,309.3,27.3,2018-05-06 06:00:00,36.15,97.07,96.3,35.72
71.0,30.0,312.9,15.7,2018-05-06 12:00:00,39.75,103.55,100.2,37.89
71.0,30.0,305.7279,33.9,2018-05-06 18:00:00,32.58,90.64,89.7,32.06
71.0,30.0,301.04968,42.6,2018-05-07 00:00:00,27.9,82.22,82.0,27.78
71.0,30.0,306.73447,29.9,2018-05-07 06:00:00,33.58,92.45,90.9,32.72
71.0,30.0,307.3345,26.9,2018-05-07 12:00:00,34.18,93.53,91.4,33.0
71.0,30.0,301.48276,45.8,2018-05-07 18:00:00,28.33,83.0,83.2,28.44
71.0,30.0,300.0352,52.1,2018-05-08 00:00:00,26.89,80.39,81.4,27.44
71.0,30.0,306.2,31.8,2018-05-08 06:00:00,33.05,91.49,90.2,32.33
71.0,30.0,309.5345,21.3,2018-05-08 12:00:00,36.38,97.49,94.7,34.83
71.0,30.0,305.4716,24.0,2018-05-08 18:00:00,32.32,90.18,87.0,30.56
71.0,30.0,301.42255,35.5,2018-05-09 00:00:00,28.27,82.89,81.7,27.61
71.0,30.0,308.69998,22.9,2018-05-09 06:00:00,35.55,95.99,93.4,34.11
71.0,30.0,312.2,13.4,2018-05-09 12:00:00,39.05,102.29,97.9,36.61
71.0,30.0,307.39514,19.1,2018-05-09 18:00:00,34.25,93.64,89.8,32.11
71.0,30.0,303.5221,29.6,2018-05-10 00:00:00,30.37,86.67,84.3,29.06
71.0,30.0,311.99997,15.5,2018-05-10 06:00:00,38.85,101.93,98.2,36.78
71.0,30.0,315.7,9.8,2018-05-10 12:00:00,42.55,108.59,102.7,39.28
71.0,30.0,309.87415,14.0,2018-05-10 18:00:00,36.72,98.1,93.6,34.22
71.0,30.0,306.38864,16.0,2018-05-11 00:00:00,33.24,91.83,87.7,30.94
71.0,30.0,314.74445,11.8,2018-05-11 06:00:00,41.59,106.87,102.1,38.94
71.0,30.0,317.58734,8.6,2018-05-11 12:00:00,44.44,111.99,105.8,41.0
71.0,30.0,311.3,16.8,2018-05-11 18:00:00,38.15,100.67,97.2,36.22
71.0,30.0,309.23813,18.6,2018-05-12 00:00:00,36.09,96.96,93.4,34.11
71.0,30.0,314.63638,12.6,2018-05-12 06:00:00,41.49,106.68,102.4,39.11
71.0,30.0,316.61005,7.3,2018-05-12 12:00:00,43.46,110.23,102.9,39.39
71.0,30.0,309.35034,6.6,2018-05-12 18:00:00,36.2,97.16,90.4,32.44
71.0,30.0,303.63663,32.9,2018-05-13 00:00:00,30.49,86.88,85.1,29.5
71.0,30.0,310.22815,22.4,2018-05-13 06:00:00,37.08,98.74,96.7,35.94
71.0,30.0,312.95883,15.7,2018-05-13 12:00:00,39.81,103.66,100.3,37.94
71.0,30.0,308.35794,21.9,2018-05-13 18:00:00,35.21,95.37,92.3,33.5
71.0,30.0,305.09503,27.1,2018-05-14 00:00:00,31.95,89.5,86.8,30.44
71.0,30.0,311.93094,18.3,2018-05-14 06:00:00,38.78,101.81,99.1,37.28
71.0,30.0,315.1696,13.2,2018-05-14 12:00:00,42.02,107.64,103.8,39.89
71.0,30.0,310.52493,16.3,2018-05-14 18:00:00,37.37,99.27,95.4,35.22
71.0,30.0,308.80655,18.1,2018-05-15 00:00:00,35.66,96.18,92.4,33.56
71.0,30.0,312.3007,18.4,2018-05-15 06:00:00,39.15,102.47,100.0,37.78
71.0,30.0,313.423,17.5,2018-05-15 12:00:00,40.27,104.49,102.2,39.0
71.0,30.0,307.6082,25.8,2018-05-15 18:00:00,34.46,94.02,91.7,33.17
71.0,30.0,304.8878,31.7,2018-05-16 00:00:00,31.74,89.13,87.3,30.72
71.0,30.0,310.47635,20.8,2018-05-16 06:00:00,37.33,99.19,96.7,35.94
71.0,30.0,314.3,12.1,2018-05-16 12:00:00,41.15,106.07,101.4,38.56
71.0,30.0,309.2,16.3,2018-05-16 18:00:00,36.05,96.89,92.8,33.78
71.0,30.0,305.61804,20.1,2018-05-17 00:00:00,32.47,90.44,86.8,30.44
71.0,30.0,311.90002,16.5,2018-05-17 06:00:00,38.75,101.75,98.3,36.83
71.0,30.0,314.1048,12.3,2018-05-17 12:00:00,40.95,105.72,101.1,38.39
71.0,30.0,307.96576,22.7,2018-05-17 18:00:00,34.82,94.67,91.7,33.17
71.0,30.0,303.51392,31.6,2018-05-18 00:00:00,30.36,86.66,84.6,29.22
71.0,30.0,311.3739,18.2,2018-05-18 06:00:00,38.22,100.8,97.8,36.56
71.0,30.0,314.00003,11.6,2018-05-18 12:00:00,40.85,105.53,100.5,38.06
71.0,30.0,308.8,16.1,2018-05-18 18:00:00,35.65,96.17,92.0,33.33
71.0,30.0,304.68436,25.3,2018-05-19 00:00:00,31.53,88.76,85.8,29.89
71.0,30.0,309.2,22.2,2018-05-19 06:00:00,36.05,96.89,94.3,34.61
71.0,30.0,312.14484,13.1,2018-05-19 12:00:00,38.99,102.19,97.7,36.5
71.0,30.0,308.0,15.1,2018-05-19 18:00:00,34.85,94.73,90.4,32.44
71.0,30.0,303.64532,17.0,2018-05-20 00:00:00,30.5,86.89,83.4,28.56
71.0,30.0,311.60773,10.5,2018-05-20 06:00:00,38.46,101.22,95.5,35.28
71.0,30.0,313.16107,8.7,2018-05-20 12:00:00,40.01,104.02,97.5,36.39
71.0,30.0,308.00296,12.4,2018-05-20 18:00:00,34.85,94.74,90.0,32.22
71.0,30.0,303.92764,16.0,2018-05-21 00:00:00,30.78,87.4,83.8,28.78
71.0,30.0,311.9389,10.8,2018-05-21 06:00:00,38.79,101.82,96.2,35.67
71.0,30.0,314.0389,9.1,2018-05-21 12:00:00,40.89,105.6,99.2,37.33
71.0,30.0,308.8,10.8,2018-05-21 18:00:00,35.65,96.17,90.8,32.67
71.0,30.0,304.68222,14.4,2018-05-22 00:00:00,31.53,88.76,84.9,29.39
71.0,30.0,312.82446,9.4,2018-05-22 06:00:00,39.67,103.41,97.2,36.22
71.0,30.0,314.1,7.8,2018-05-22 12:00:00,40.95,105.71,98.7,37.06
71.0,30.0,307.69998,11.3,2018-05-22 18:00:00,34.55,94.19,89.1,31.72
71.0,30.0,303.83533,10.9,2018-05-23 00:00:00,30.69,87.23,83.2,28.44
71.0,30.0,312.92447,7.2,2018-05-23 06:00:00,39.77,103.59,96.4,35.78
71.0,30.0,314.42914,4.9,2018-05-23 12:00:00,41.28,106.3,98.0,36.67
71.0,30.0,308.62717,7.2,2018-05-23 18:00:00,35.48,95.86,89.4,31.89
71.0,30.0,304.8,9.4,2018-05-24 00:00:00,31.65,88.97,84.3,29.06
71.0,30.0,314.9172,4.8,2018-05-24 06:00:00,41.77,107.18,98.7,37.06
71.0,30.0,316.44003,2.8,2018-05-24 12:00:00,43.29,109.92,100.3,37.94
71.0,30.0,308.91724,5.0,2018-05-24 18:00:00,35.77,96.38,89.4,31.89
71.0,30.0,305.0838,7.1,2018-05-25 00:00:00,31.93,89.48,84.4,29.11
71.0,30.0,315.2,5.5,2018-05-25 06:00:00,42.05,107.69,99.5,37.5
71.0,30.0,316.88275,4.4,2018-05-25 12:00:00,43.73,110.72,101.8,38.78
71.0,30.0,310.122,6.2,2018-05-25 18:00:00,36.97,98.55,91.6,33.11
71.0,30.0,306.864,8.5,2018-05-26 00:00:00,33.71,92.69,87.1,30.61
71.0,30.0,315.9,5.0,2018-05-26 06:00:00,42.75,108.95,100.4,38.0
71.0,30.0,316.84314,3.1,2018-05-26 12:00:00,43.69,110.65,101.1,38.39
71.0,30.0,308.98627,5.9,2018-05-26 18:00:00,35.84,96.51,89.7,32.06
71.0,30.0,305.52765,7.7,2018-05-27 00:00:00,32.38,90.28,85.1,29.5
71.0,30.0,316.56427,5.7,2018-05-27 06:00:00,43.41,110.15,101.9,38.83
71.0,30.0,317.36426,4.2,2018-05-27 12:00:00,44.21,111.59,102.6,39.22
71.0,30.0,309.7482,6.9,2018-05-27 18:00:00,36.6,97.88,91.2,32.89
71.0,30.0,306.52222,7.6,2018-05-28 00:00:00,33.37,92.07,86.5,30.28
71.0,30.0,316.12445,3.9,2018-05-28 06:00:00,42.97,109.35,100.3,37.94
71.0,30.0,318.5683,3.4,2018-05-28 12:00:00,45.42,113.75,104.0,40.0
71.0,30.0,311.7,3.4,2018-05-28 18:00:00,38.55,101.39,93.3,34.06
71.0,30.0,307.7195,4.5,2018-05-29 00:00:00,34.57,94.23,87.5,30.83
71.0,30.0,317.2417,5.0,2018-05-29 06:00:00,44.09,111.37,102.8,39.33
71.0,30.0,318.42447,5.0,2018-05-29 12:00:00,45.27,113.49,104.8,40.44
71.0,30.0,310.87085,8.6,2018-05-29 18:00:00,37.72,99.9,93.5,34.17
71.0,30.0,307.8627,11.4,2018-05-30 00:00:00,34.71,94.48,89.4,31.89
71.0,30.0,318.3,6.5,2018-05-30 06:00:00,45.15,113.27,105.6,40.89
71.0,30.0,319.18277,4.4,2018-05-30 12:00:00,46.03,114.86,105.5,40.83
71.0,30.0,311.0583,7.1,2018-05-30 18:00:00,37.91,100.23,93.3,34.06
71.0,30.0,307.72916,8.8,2018-05-31 00:00:00,34.58,94.24,88.5,31.39
71.0,30.0,318.87085,5.7,2018-05-31 06:00:00,45.72,114.3,105.9,41.06
71.0,30.0,320.5097,4.2,2018-05-31 12:00:00,47.36,117.25,107.0,41.67
71.0,30.0,312.4,6.8,2018-05-31 18:00:00,39.25,102.65,95.4,35.22
71.0,30.0,308.39252,6.1,2018-06-01 00:00:00,35.24,95.44,88.8,31.56
71.0,30.0,318.7294,3.3,2018-06-01 06:00:00,45.58,114.04,104.2,40.11
71.0,30.0,320.9317,2.5,2018-06-01 12:00:00,47.78,118.01,106.1,41.17
71.0,30.0,312.2,6.1,2018-06-01 18:00:00,39.05,102.29,94.9,34.94
71.0,30.0,308.2,7.6,2018-06-02 00:00:00,35.05,95.09,88.9,31.61
71.0,30.0,319.48276,3.9,2018-06-02 06:00:00,46.33,115.4,105.5,40.83
71.0,30.0,321.11725,3.9,2018-06-02 12:00:00,47.97,118.34,107.6,42.0
71.0,30.0,312.943,8.0,2018-06-02 18:00:00,39.79,103.63,96.8,36.0
71.0,30.0,309.20004,8.2,2018-06-03 00:00:00,36.05,96.89,90.6,32.56
71.0,30.0,318.61707,6.3,2018-06-03 06:00:00,45.47,113.84,106.0,41.11
71.0,30.0,320.68634,5.6,2018-06-03 12:00:00,47.54,117.57,108.5,42.5
71.0,30.0,313.81577,8.3,2018-06-03 18:00:00,40.67,105.2,98.5,36.94
71.0,30.0,309.09195,17.8,2018-06-04 00:00:00,35.94,96.7,92.9,33.83
71.0,30.0,317.51376,12.5,2018-06-04 06:00:00,44.36,111.85,108.4,42.44
71.0,30.0,320.32123,9.0,2018-06-04 12:00:00,47.17,116.91,111.1,43.94
71.0,30.0,313.5404,13.4,2018-06-04 18:00:00,40.39,104.7,100.6,38.11
71.0,30.0,309.20554,20.9,2018-06-05 00:00:00,36.06,96.9,93.9,34.39
71.0,30.0,317.5389,16.3,2018-06-05 06:00:00,44.39,111.9,111.6,44.22
71.0,30.0,320.94614,11.1,2018-06-05 12:00:00,47.8,118.03,114.6,45.89
71.0,30.0,314.26105,14.2,2018-06-05 18:00:00,41.11,106.0,102.4,39.11
71.0,30.0,310.6367,24.4,2018-06-06 00:00:00,37.49,99.48,98.6,37.0
71.0,30.0,317.4588,16.7,2018-06-06 06:00:00,44.31,111.76,111.8,44.33
71.0,30.0,319.24408,13.7,2018-06-06 12:00:00,46.09,114.97,113.5,45.28
71.0,30.0,314.3,20.4,2018-06-06 18:00:00,41.15,106.07,106.2,41.22
71.0,30.0,310.39908,27.3,2018-06-07 00:00:00,37.25,99.05,99.3,37.39
71.0,30.0,317.96936,16.5,2018-06-07 06:00:00,44.82,112.67,112.9,44.94
71.0,30.0,319.3075,15.1,2018-06-07 12:00:00,46.16,115.08,115.1,46.17
71.0,30.0,316.10895,16.4,2018-06-07 18:00:00,42.96,109.33,108.1,42.28
71.0,30.0,312.53497,26.2,2018-06-08 00:00:00,39.38,102.89,104.9,40.5
71.0,30.0,318.73892,16.6,2018-06-08 06:00:00,45.59,114.06,115.1,46.17
71.0,30.0,318.85443,17.5,2018-06-08 12:00:00,45.7,114.27,116.4,46.89
71.0,30.0,313.32196,29.2,2018-06-08 18:00:00,40.17,104.31,109.6,43.11
71.0,30.0,313.21652,29.5,2018-06-09 00:00:00,40.07,104.12,109.5,43.06
71.0,30.0,312.6617,35.7,2018-06-09 06:00:00,39.51,103.12,112.6,44.78
71.0,30.0,315.29218,26.6,2018-06-09 12:00:00,42.14,107.86,114.2,45.67
71.0,30.0,310.7294,33.0,2018-06-09 18:00:00,37.58,99.64,103.5,39.72
71.0,30.0,307.30865,46.7,2018-06-10 00:00:00,34.16,93.49,99.8,37.67
71.0,30.0,312.3774,33.9,2018-06-10 06:00:00,39.23,102.61,110.0,43.33
71.0,30.0,315.1,24.4,2018-06-10 12:00:00,41.95,107.51,111.6,44.22
71.0,30.0,313.1333,23.7,2018-06-10 18:00:00,39.98,103.97,105.0,40.56
71.0,30.0,309.03842,29.1,2018-06-11 00:00:00,35.89,96.6,96.4,35.78
71.0,30.0,315.28528,20.7,2018-06-11 06:00:00,42.14,107.84,109.1,42.83
71.0,30.0,318.9706,10.6,2018-06-11 12:00:00,45.82,114.48,109.9,43.28
71.0,30.0,313.11905,15.6,2018-06-11 18:00:00,39.97,103.94,100.6,38.11
71.0,30.0,308.72125,23.1,2018-06-12 00:00:00,35.57,96.03,93.5,34.17
71.0,30.0,317.57013,10.2,2018-06-12 06:00:00,44.42,111.96,106.8,41.56
71.0,30.0,321.50555,4.6,2018-06-12 12:00:00,48.36,119.04,108.7,42.61
71.0,30.0,314.7608,9.4,2018-06-12 18:00:00,41.61,106.9,100.7,38.17
71.0,30.0,309.32242,16.3,2018-06-13 00:00:00,36.17,97.11,93.0,33.89
71.0,30.0,319.54614,7.7,2018-06-13 06:00:00,46.4,115.51,108.5,42.5
71.0,30.0,320.80746,5.3,2018-06-13 12:00:00,47.66,117.78,108.4,42.44
71.0,30.0,314.19998,23.6,2018-06-13 18:00:00,41.05,105.89,108.1,42.28
71.0,30.0,307.90747,37.5,2018-06-14 00:00:00,34.76,94.56,96.9,36.06
71.0,30.0,315.75226,23.9,2018-06-14 06:00:00,42.6,108.68,113.2,45.11
71.0,30.0,319.92938,13.0,2018-06-14 12:00:00,46.78,116.2,114.4,45.78
71.0,30.0,313.6147,23.8,2018-06-14 18:00:00,40.46,104.84,106.5,41.39
71.0,30.0,305.59735,51.0,2018-06-15 00:00:00,32.45,90.41,95.8,35.44
71.0,30.0,316.2706,23.8,2018-06-15 06:00:00,43.12,109.62,114.9,46.06
71.0,30.0,319.36832,15.7,2018-06-15 12:00:00,46.22,115.19,115.9,46.61
71.0,30.0,312.42627,34.1,2018-06-15 18:00:00,39.28,102.7,110.3,43.5
71.0,30.0,306.55862,47.7,2018-06-16 00:00:00,33.41,92.14,97.6,36.44
71.0,30.0,311.6097,38.6,2018-06-16 06:00:00,38.46,101.23,110.9,43.83
71.0,30.0,315.96365,24.3,2018-06-16 12:00:00,42.81,109.06,114.3,45.72
71.0,30.0,313.3418,25.0,2018-06-16 18:00:00,40.19,104.35,106.5,41.39
71.0,30.0,306.99628,50.3,2018-06-17 00:00:00,33.85,92.92,100.7,38.17
71.0,30.0,311.2,39.9,2018-06-17 06:00:00,38.05,100.49,110.3,43.5
71.0,30.0,315.10614,23.0,2018-06-17 12:00:00,41.96,107.52,110.4,43.56
71.0,30.0,311.61038,31.1,2018-06-17 18:00:00,38.46,101.23,105.2,40.67
71.0,30.0,308.15076,46.0,2018-06-18 00:00:00,35.0,95.0,102.5,39.17
71.0,30.0,310.8076,42.5,2018-06-18 06:00:00,37.66,99.78,110.8,43.78
71.0,30.0,312.26468,33.4,2018-06-18 12:00:00,39.11,102.41,109.2,42.89
71.0,30.0,308.71692,39.1,2018-06-18 18:00:00,35.57,96.02,100.4,38.0
71.0,30.0,307.69345,37.1,2018-06-19 00:00:00,34.54,94.18,96.1,35.61
71.0,30.0,312.4,27.9,2018-06-19 06:00:00,39.25,102.65,105.6,40.89
71.0,30.0,316.0,16.9,2018-06-19 12:00:00,42.85,109.13,108.2,42.33
71.0,30.0,312.00348,28.2,2018-06-19 18:00:00,38.85,101.94,104.6,40.33
71.0,30.0,309.69794,31.8,2018-06-20 00:00:00,36.55,97.79,99.6,37.56
71.0,30.0,315.0,23.1,2018-06-20 06:00:00,41.85,107.33,110.2,43.44
71.0,30.0,317.91412,15.0,2018-06-20 12:00:00,44.76,112.58,111.4,44.11
71.0,30.0,313.07324,26.0,2018-06-20 18:00:00,39.92,103.86,106.4,41.33
71.0,30.0,310.21844,33.0,2018-06-21 00:00:00,37.07,98.72,101.8,38.78
71.0,30.0,314.8553,23.1,2018-06-21 06:00:00,41.71,107.07,109.7,43.17
71.0,30.0,317.7147,16.1,2018-06-21 12:00:00,44.56,112.22,111.9,44.39
71.0,30.0,314.0147,19.8,2018-06-21 18:00:00,40.86,105.56,105.0,40.56
71.0,30.0,310.8,26.6,2018-06-22 00:00:00,37.65,99.77,100.1,37.83
71.0,30.0,316.6,16.8,2018-06-22 06:00:00,43.45,110.21,109.6,43.11
71.0,30.0,317.22446,15.1,2018-06-22 12:00:00,44.07,111.33,109.8,43.22
71.0,30.0,313.12915,20.9,2018-06-22 18:00:00,39.98,103.96,103.3,39.61
71.0,30.0,309.7903,30.0,2018-06-23 00:00:00,36.64,97.95,98.9,37.17
71.0,30.0,313.38275,24.6,2018-06-23 06:00:00,40.23,104.42,106.4,41.33
71.0,30.0,317.09674,14.9,2018-06-23 12:00:00,43.95,111.1,109.3,42.94
71.0,30.0,314.32446,19.5,2018-06-23 18:00:00,41.17,106.11,105.6,40.89
71.0,30.0,310.6,26.5,2018-06-24 00:00:00,37.45,99.41,99.5,37.5
71.0,30.0,316.07782,18.5,2018-06-24 06:00:00,42.93,109.27,109.6,43.11
71.0,30.0,317.57782,14.2,2018-06-24 12:00:00,44.43,111.97,109.9,43.28
71.0,30.0,314.3,15.9,2018-06-24 18:00:00,41.15,106.07,103.4,39.67
71.0,30.0,310.26376,26.1,2018-06-25 00:00:00,37.11,98.8,98.4,36.89
71.0,30.0,314.9,25.0,2018-06-25 06:00:00,41.75,107.15,111.4,44.11
71.0,30.0,317.0,16.0,2018-06-25 12:00:00,43.85,110.93,110.0,43.33
71.0,30.0,311.77808,23.4,2018-06-25 18:00:00,38.63,101.53,101.1,38.39
71.0,30.0,309.17554,31.0,2018-06-26 00:00:00,36.03,96.85,97.6,36.44
71.0,30.0,314.3,26.7,2018-06-26 06:00:00,41.15,106.07,110.9,43.83
71.0,30.0,316.4,16.8,2018-06-26 12:00:00,43.25,109.85,109.1,42.83
71.0,30.0,312.2,25.2,2018-06-26 18:00:00,39.05,102.29,103.3,39.61
71.0,30.0,308.68277,35.5,2018-06-27 00:00:00,35.53,95.96,98.3,36.83
71.0,30.0,312.8,29.9,2018-06-27 06:00:00,39.65,103.37,108.4,42.44
71.0,30.0,313.1,27.2,2018-06-27 12:00:00,39.95,103.91,107.3,41.83
71.0,30.0,307.7,41.2,2018-06-27 18:00:00,34.55,94.19,98.1,36.72
71.0,30.0,306.28278,42.9,2018-06-28 00:00:00,33.13,91.64,94.4,34.67
71.0,30.0,310.8788,28.6,2018-06-28 06:00:00,37.73,99.91,101.4,38.56
71.0,30.0,309.03754,31.7,2018-06-28 12:00:00,35.89,96.6,97.6,36.44
71.0,30.0,307.63968,39.9,2018-06-28 18:00:00,34.49,94.08,97.3,36.28
71.0,30.0,305.61316,48.6,2018-06-29 00:00:00,32.46,90.43,94.8,34.89
71.0,30.0,311.2,32.5,2018-06-29 06:00:00,38.05,100.49,104.8,40.44
71.0,30.0,309.19418,42.4,2018-06-29 12:00:00,36.04,96.88,104.2,40.11
71.0,30.0,307.01724,50.5,2018-06-29 18:00:00,33.87,92.96,100.9,38.28
71.0,30.0,304.22363,58.4,2018-06-30 00:00:00,31.07,87.93,94.3,34.61
71.0,30.0,309.4859,38.4,2018-06-30 06:00:00,36.34,97.4,102.6,39.22
71.0,30.0,311.5317,36.1,2018-06-30 12:00:00,38.38,101.09,108.6,42.56
71.0,30.0,309.05328,44.6,2018-06-30 18:00:00,35.9,96.63,105.2,40.67
71.0,30.0,307.8,46.6,2018-07-01 00:00:00,34.65,94.37,101.6,38.67
71.0,30.0,313.84384,29.3,2018-07-01 06:00:00,40.69,105.25,111.5,44.17
71.0,30.0,316.5219,21.6,2018-07-01 12:00:00,43.37,110.07,113.6,45.33
71.0,30.0,314.10327,23.2,2018-07-01 18:00:00,40.95,105.72,107.5,41.94
71.0,30.0,310.0,37.4,2018-07-02 00:00:00,36.85,98.33,103.8,39.89
71.0,30.0,314.98276,30.8,2018-07-02 06:00:00,41.83,107.3,117.2,47.33
71.0,30.0,317.7636,22.6,2018-07-02 12:00:00,44.61,112.3,118.6,48.11
71.0,30.0,313.49512,31.2,2018-07-02 18:00:00,40.35,104.62,111.9,44.39
71.0,30.0,308.38657,48.8,2018-07-03 00:00:00,35.24,95.43,105.4,40.78
71.0,30.0,311.9,38.8,2018-07-03 06:00:00,38.75,101.75,112.2,44.56
71.0,30.0,316.32916,24.2,2018-07-03 12:00:00,43.18,109.72,115.5,46.39
71.0,30.0,312.0,32.1,2018-07-03 18:00:00,38.85,101.93,107.2,41.78
71.0,30.0,306.59998,52.0,2018-07-04 00:00:00,33.45,92.21,100.1,37.83
71.0,30.0,309.76108,42.9,2018-07-04 06:00:00,36.61,97.9,106.8,41.56
71.0,30.0,312.07928,33.6,2018-07-04 12:00:00,38.93,102.07,108.6,42.56
71.0,30.0,308.99252,39.5,2018-07-04 18:00:00,35.84,96.52,101.6,38.67
71.0,30.0,307.3044,48.5,2018-07-05 00:00:00,34.15,93.48,100.8,38.22
71.0,30.0,309.4317,42.7,2018-07-05 06:00:00,36.28,97.31,105.3,40.72
71.0,30.0,311.9147,32.1,2018-07-05 12:00:00,38.76,101.78,106.9,41.61
71.0,30.0,310.79462,34.6,2018-07-05 18:00:00,37.64,99.76,104.8,40.44
71.0,30.0,306.993,45.8,2018-07-06 00:00:00,33.84,92.92,98.1,36.72
71.0,30.0,312.81427,28.4,2018-07-06 06:00:00,39.66,103.4,107.3,41.83
71.0,30.0,314.93213,20.9,2018-07-06 12:00:00,41.78,107.21,108.3,42.39
71.0,30.0,311.92157,28.7,2018-07-06 18:00:00,38.77,101.79,104.6,40.33
71.0,30.0,309.24313,36.2,2018-07-07 00:00:00,36.09,96.97,100.5,38.06
71.0,30.0,314.68195,26.2,2018-07-07 06:00:00,41.53,106.76,111.8,44.33
71.0,30.0,317.31134,17.4,2018-07-07 12:00:00,44.16,111.49,112.0,44.44
71.0,30.0,313.70367,22.4,2018-07-07 18:00:00,40.55,105.0,105.8,41.0
71.0,30.0,310.33087,28.4,2018-07-08 00:00:00,37.18,98.93,99.7,37.61
71.0,30.0,316.48553,22.0,2018-07-08 06:00:00,43.34,110.0,113.8,45.44
71.0,30.0,318.21494,16.4,2018-07-08 12:00:00,45.06,113.12,113.5,45.28
71.0,30.0,313.6505,20.5,2018-07-08 18:00:00,40.5,104.9,104.5,40.28
71.0,30.0,310.0523,35.6,2018-07-09 00:00:00,36.9,98.42,102.9,39.39
71.0,30.0,316.0747,22.6,2018-07-09 06:00:00,42.92,109.26,113.1,45.06
71.0,30.0,318.15356,15.9,2018-07-09 12:00:00,45.0,113.01,112.9,44.94
71.0,30.0,314.23737,18.8,2018-07-09 18:00:00,41.09,105.96,105.0,40.56
71.0,30.0,311.3374,25.7,2018-07-10 00:00:00,38.19,100.74,101.1,38.39
71.0,30.0,316.70746,22.1,2018-07-10 06:00:00,43.56,110.4,114.6,45.89
71.0,30.0,318.24615,17.5,2018-07-10 12:00:00,45.1,113.17,114.7,45.94
71.0,30.0,314.14615,23.3,2018-07-10 18:00:00,41.0,105.79,107.7,42.06
71.0,30.0,310.4803,36.5,2018-07-11 00:00:00,37.33,99.19,104.9,40.5
71.0,30.0,314.13168,30.4,2018-07-11 06:00:00,40.98,105.77,113.5,45.28
71.0,30.0,317.5683,20.0,2018-07-11 12:00:00,44.42,111.95,115.2,46.22
71.0,30.0,312.8647,28.3,2018-07-11 18:00:00,39.71,103.49,107.4,41.89
71.0,30.0,308.4647,43.3,2018-07-12 00:00:00,35.31,95.57,102.0,38.89
71.0,30.0,313.44315,31.5,2018-07-12 06:00:00,40.29,104.53,112.0,44.44
71.0,30.0,316.50748,22.6,2018-07-12 12:00:00,43.36,110.04,114.5,45.83
71.0,30.0,312.73602,28.3,2018-07-12 18:00:00,39.59,103.25,106.9,41.61
71.0,30.0,310.3417,36.2,2018-07-13 00:00:00,37.19,98.95,104.3,40.17
71.0,30.0,313.47333,33.2,2018-07-13 06:00:00,40.32,104.58,113.6,45.33
71.0,30.0,316.46832,23.3,2018-07-13 12:00:00,43.32,109.97,115.0,46.11
71.0,30.0,312.50983,29.4,2018-07-13 18:00:00,39.36,102.85,107.0,41.67
71.0,30.0,310.4,34.2,2018-07-14 00:00:00,37.25,99.05,103.2,39.56
71.0,30.0,315.12445,28.1,2018-07-14 06:00:00,41.97,107.55,115.0,46.11
71.0,30.0,316.0,25.8,2018-07-14 12:00:00,42.85,109.13,115.9,46.61
71.0,30.0,313.77554,28.7,2018-07-14 18:00:00,40.63,105.13,110.8,43.78
71.0,30.0,309.3,44.2,2018-07-15 00:00:00,36.15,97.07,105.9,41.06
71.0,30.0,314.66827,29.8,2018-07-15 06:00:00,41.52,106.73,115.0,46.11
71.0,30.0,314.66827,30.7,2018-07-15 12:00:00,41.52,106.73,115.8,46.56
71.0,30.0,311.9,35.4,2018-07-15 18:00:00,38.75,101.75,109.4,43.0
71.0,30.0,309.6,43.0,2018-07-16 00:00:00,36.45,97.61,106.2,41.22
71.0,30.0,312.53186,36.9,2018-07-16 06:00:00,39.38,102.89,113.2,45.11
71.0,30.0,313.13556,35.1,2018-07-16 12:00:00,39.99,103.97,114.0,45.56
71.0,30.0,309.4039,41.4,2018-07-16 18:00:00,36.25,97.26,104.3,40.17
71.0,30.0,308.6363,44.3,2018-07-17 00:00:00,35.49,95.88,103.3,39.61
71.0,30.0,312.57007,33.4,2018-07-17 06:00:00,39.42,102.96,110.3,43.5
71.0,30.0,313.8979,31.0,2018-07-17 12:00:00,40.75,105.35,113.2,45.11
71.0,30.0,308.62732,44.8,2018-07-17 18:00:00,35.48,95.86,103.6,39.78
71.0,30.0,308.4,45.9,2018-07-18 00:00:00,35.25,95.45,103.4,39.67
71.0,30.0,312.8,36.1,2018-07-18 06:00:00,39.65,103.37,113.5,45.28
71.0,30.0,313.77808,32.4,2018-07-18 12:00:00,40.63,105.13,114.0,45.56
71.0,30.0,310.4,38.0,2018-07-18 18:00:00,37.25,99.05,105.7,40.94
71.0,30.0,308.14648,46.3,2018-07-19 00:00:00,35.0,94.99,102.7,39.28
71.0,30.0,313.6147,34.2,2018-07-19 06:00:00,40.46,104.84,115.1,46.17
71.0,30.0,315.2,30.1,2018-07-19 12:00:00,42.05,107.69,117.3,47.39
71.0,30.0,310.36133,41.5,2018-07-19 18:00:00,37.21,98.98,108.1,42.28
71.0,30.0,307.2,49.1,2018-07-20 00:00:00,34.05,93.29,100.8,38.22
71.0,30.0,312.87726,34.0,2018-07-20 06:00:00,39.73,103.51,112.0,44.44
71.0,30.0,314.0,30.3,2018-07-20 12:00:00,40.85,105.53,113.0,45.0
71.0,30.0,311.1,35.7,2018-07-20 18:00:00,37.95,100.31,106.6,41.44
71.0,30.0,308.6,43.0,2018-07-21 00:00:00,35.45,95.81,102.3,39.06
71.0,30.0,313.9853,32.4,2018-07-21 06:00:00,40.84,105.5,114.8,46.0
71.0,30.0,316.6853,24.9,2018-07-21 12:00:00,43.54,110.36,117.4,47.44
71.0,30.0,312.5,35.2,2018-07-21 18:00:00,39.35,102.83,111.5,44.17
71.0,30.0,308.6,41.7,2018-07-22 00:00:00,35.45,95.81,101.5,38.61
71.0,30.0,313.0,32.6,2018-07-22 06:00:00,39.85,103.73,111.2,44.0
71.0,30.0,314.82156,27.1,2018-07-22 12:00:00,41.67,107.01,113.0,45.0
71.0,30.0,310.9431,31.2,2018-07-22 18:00:00,37.79,100.03,103.1,39.5
71.0,30.0,308.43213,37.6,2018-07-23 00:00:00,35.28,95.51,98.6,37.0
71.0,30.0,313.22156,30.4,2018-07-23 06:00:00,40.07,104.13,110.2,43.44
71.0,30.0,314.26425,28.1,2018-07-23 12:00:00,41.11,106.01,112.0,44.44
71.0,30.0,310.69833,35.1,2018-07-23 18:00:00,37.55,99.59,104.8,40.44
71.0,30.0,308.66425,42.0,2018-07-24 00:00:00,35.51,95.93,102.0,38.89
71.0,30.0,313.72852,31.5,2018-07-24 06:00:00,40.58,105.04,113.0,45.0
71.0,30.0,315.57806,25.9,2018-07-24 12:00:00,42.43,108.37,114.5,45.83
71.0,30.0,312.13562,32.5,2018-07-24 18:00:00,38.99,102.17,108.0,42.22
71.0,30.0,309.34662,42.1,2018-07-25 00:00:00,36.2,97.15,104.6,40.33
71.0,30.0,313.64688,33.0,2018-07-25 06:00:00,40.5,104.89,114.1,45.61
71.0,30.0,317.24313,24.2,2018-07-25 12:00:00,44.09,111.37,118.6,48.11
71.0,30.0,313.18054,30.1,2018-07-25 18:00:00,40.03,104.05,109.8,43.22
71.0,30.0,308.2,45.1,2018-07-26 00:00:00,35.05,95.09,102.1,38.94
71.0,30.0,311.27527,37.3,2018-07-26 06:00:00,38.13,100.63,108.5,42.5
71.0,30.0,314.4001,28.4,2018-07-26 12:00:00,41.25,106.25,112.7,44.83
71.0,30.0,309.23007,40.0,2018-07-26 18:00:00,36.08,96.94,102.7,39.28
71.0,30.0,307.12833,52.7,2018-07-27 00:00:00,33.98,93.16,102.7,39.28
71.0,30.0,310.9927,42.2,2018-07-27 06:00:00,37.84,100.12,111.4,44.11
71.0,30.0,312.7105,34.6,2018-07-27 12:00:00,39.56,103.21,111.9,44.39
71.0,30.0,308.8656,41.2,2018-07-27 18:00:00,35.72,96.29,102.2,39.0
71.0,30.0,306.94876,47.7,2018-07-28 00:00:00,33.8,92.84,99.0,37.22
71.0,30.0,312.337,36.1,2018-07-28 06:00:00,39.19,102.54,111.7,44.28
71.0,30.0,314.92853,27.9,2018-07-28 12:00:00,41.78,107.2,114.1,45.61
71.0,30.0,308.28442,47.8,2018-07-28 18:00:00,35.13,95.24,104.2,40.11
71.0,30.0,308.6076,41.0,2018-07-29 00:00:00,35.46,95.82,101.1,38.39
71.0,30.0,311.7692,35.9,2018-07-29 06:00:00,38.62,101.51,109.3,42.94
71.0,30.0,314.1454,27.2,2018-07-29 12:00:00,41.0,105.79,110.8,43.78
71.0,30.0,310.1998,35.2,2018-07-29 18:00:00,37.05,98.69,103.1,39.5
71.0,30.0,308.2342,39.8,2018-07-30 00:00:00,35.08,95.15,99.2,37.33
71.0,30.0,312.70013,35.1,2018-07-30 06:00:00,39.55,103.19,112.2,44.56
71.0,30.0,315.2831,25.0,2018-07-30 12:00:00,42.13,107.84,112.7,44.83
71.0,30.0,311.0394,31.2,2018-07-30 18:00:00,37.89,100.2,103.4,39.67
71.0,30.0,308.10745,40.4,2018-07-31 00:00:00,34.96,94.92,99.1,37.28
71.0,30.0,311.9712,36.9,2018-07-31 06:00:00,38.82,101.88,110.9,43.83
71.0,30.0,316.1,19.4,2018-07-31 12:00:00,42.95,109.31,110.4,43.56
71.0,30.0,310.81424,28.2,2018-07-31 18:00:00,37.66,99.8,101.0,38.33
71.0,30.0,306.1216,50.2,2018-08-01 00:00:00,32.97,91.35,97.3,36.28
71.0,30.0,311.588,36.0,2018-08-01 06:00:00,38.44,101.19,108.7,42.61
71.0,30.0,316.2,18.4,2018-08-01 12:00:00,43.05,109.49,109.9,43.28
71.0,30.0,310.46426,26.0,2018-08-01 18:00:00,37.31,99.17,98.9,37.17
71.0,30.0,305.75998,47.9,2018-08-02 00:00:00,32.61,90.7,94.9,34.94
71.0,30.0,310.5,34.9,2018-08-02 06:00:00,37.35,99.23,104.0,40.0
71.0,30.0,315.2,22.2,2018-08-02 12:00:00,42.05,107.69,110.1,43.39
71.0,30.0,309.63895,29.2,2018-08-02 18:00:00,36.49,97.68,98.1,36.72
71.0,30.0,306.07806,49.4,2018-08-03 00:00:00,32.93,91.27,96.8,36.0
71.0,30.0,310.7,36.9,2018-08-03 06:00:00,37.55,99.59,106.0,41.11
71.0,30.0,315.78976,20.6,2018-08-03 12:00:00,42.64,108.75,110.5,43.61
71.0,30.0,310.1755,26.0,2018-08-03 18:00:00,37.03,98.65,98.1,36.72
71.0,30.0,305.7317,49.9,2018-08-04 00:00:00,32.58,90.65,95.8,35.44
71.0,30.0,310.62915,38.4,2018-08-04 06:00:00,37.48,99.46,106.8,41.56
71.0,30.0,316.77808,18.2,2018-08-04 12:00:00,43.63,110.53,111.3,44.06
71.0,30.0,309.6,31.5,2018-08-04 18:00:00,36.45,97.61,99.1,37.28
71.0,30.0,305.7,51.9,2018-08-05 00:00:00,32.55,90.59,96.6,35.89
71.0,30.0,312.66107,33.5,2018-08-05 06:00:00,39.51,103.12,110.7,43.72
71.0,30.0,317.0,20.0,2018-08-05 12:00:00,43.85,110.93,113.5,45.28
71.0,30.0,310.95386,32.8,2018-08-05 18:00:00,37.8,100.05,104.1,40.06
71.0,30.0,305.09927,56.9,2018-08-06 00:00:00,31.95,89.51,96.9,36.06
71.0,30.0,309.62976,43.5,2018-08-06 06:00:00,36.48,97.66,106.7,41.5
71.0,30.0,313.80008,28.2,2018-08-06 12:00:00,40.65,105.17,110.4,43.56
71.0,30.0,308.9,37.3,2018-08-06 18:00:00,35.75,96.35,100.0,37.78
71.0,30.0,307.17462,51.1,2018-08-07 00:00:00,34.02,93.24,101.9,38.83
71.0,30.0,311.2636,39.1,2018-08-07 06:00:00,38.11,100.6,109.9,43.28
71.0,30.0,312.49332,33.5,2018-08-07 12:00:00,39.34,102.82,110.1,43.39
71.0,30.0,308.96332,39.0,2018-08-07 18:00:00,35.81,96.46,101.2,38.44
71.0,30.0,306.2842,46.4,2018-08-08 00:00:00,33.13,91.64,96.0,35.56
71.0,30.0,311.5,36.1,2018-08-08 06:00:00,38.35,101.03,108.4,42.44
71.0,30.0,311.86142,34.7,2018-08-08 12:00:00,38.71,101.68,108.7,42.61
71.0,30.0,308.46796,42.0,2018-08-08 18:00:00,35.32,95.57,101.2,38.44
71.0,30.0,305.08408,56.8,2018-08-09 00:00:00,31.93,89.48,96.8,36.0
71.0,30.0,311.4,37.8,2018-08-09 06:00:00,38.25,100.85,109.4,43.0
71.0,30.0,311.54718,36.1,2018-08-09 12:00:00,38.4,101.11,108.6,42.56
71.0,30.0,307.76147,43.4,2018-08-09 18:00:00,34.61,94.3,99.5,37.5
71.0,30.0,305.87036,47.9,2018-08-10 00:00:00,32.72,90.9,95.3,35.17
71.0,30.0,312.99265,32.3,2018-08-10 06:00:00,39.84,103.72,111.0,43.89
71.0,30.0,315.4825,25.3,2018-08-10 12:00:00,42.33,108.2,113.6,45.33
71.0,30.0,310.85217,33.6,2018-08-10 18:00:00,37.7,99.86,104.3,40.17
71.0,30.0,307.31332,45.3,2018-08-11 00:00:00,34.16,93.49,99.0,37.22
71.0,30.0,312.69894,33.7,2018-08-11 06:00:00,39.55,103.19,111.0,43.89
71.0,30.0,316.14835,23.3,2018-08-11 12:00:00,43.0,109.4,114.0,45.56
71.0,30.0,310.14426,35.3,2018-08-11 18:00:00,36.99,98.59,103.0,39.44
71.0,30.0,305.11505,56.5,2018-08-12 00:00:00,31.97,89.54,96.8,36.0
71.0,30.0,311.9895,36.8,2018-08-12 06:00:00,38.84,101.91,110.9,43.83
71.0,30.0,315.6723,25.2,2018-08-12 12:00:00,42.52,108.54,114.2,45.67
71.0,30.0,309.22177,40.7,2018-08-12 18:00:00,36.07,96.93,103.2,39.56
71.0,30.0,305.08472,56.1,2018-08-13 00:00:00,31.93,89.48,96.4,35.78
71.0,30.0,311.21985,39.3,2018-08-13 06:00:00,38.07,100.53,109.9,43.28
71.0,30.0,314.00494,28.2,2018-08-13 12:00:00,40.85,105.54,111.1,43.94
71.0,30.0,308.3189,39.6,2018-08-13 18:00:00,35.17,95.3,99.3,37.39
71.0,30.0,307.5378,44.5,2018-08-14 00:00:00,34.39,93.9,99.4,37.44
71.0,30.0,311.42148,41.0,2018-08-14 06:00:00,38.27,100.89,112.2,44.56
71.0,30.0,314.2364,30.3,2018-08-14 12:00:00,41.09,105.96,113.8,45.44
71.0,30.0,309.16577,40.2,2018-08-14 18:00:00,36.02,96.83,102.6,39.22
71.0,30.0,306.01593,53.1,2018-08-15 00:00:00,32.87,91.16,98.5,36.94
71.0,30.0,311.4945,40.0,2018-08-15 06:00:00,38.34,101.02,111.6,44.22
71.0,30.0,313.8,30.8,2018-08-15 12:00:00,40.65,105.17,112.7,44.83
71.0,30.0,308.5036,39.9,2018-08-15 18:00:00,35.35,95.64,100.1,37.83
71.0,30.0,304.0624,65.8,2018-08-16 00:00:00,30.91,87.64,97.1,36.17
71.0,30.0,311.41238,37.4,2018-08-16 06:00:00,38.26,100.87,109.1,42.83
71.0,30.0,312.1,32.7,2018-08-16 12:00:00,38.95,102.11,108.0,42.22
71.0,30.0,308.4781,39.5,2018-08-16 18:00:00,35.33,95.59,99.8,37.67
71.0,30.0,305.93423,47.8,2018-08-17 00:00:00,32.78,91.01,95.5,35.28
71.0,30.0,312.35016,32.5,2018-08-17 06:00:00,39.2,102.56,108.8,42.67
71.0,30.0,313.0611,29.5,2018-08-17 12:00:00,39.91,103.84,108.9,42.72
71.0,30.0,308.86612,37.6,2018-08-17 18:00:00,35.72,96.29,100.1,37.83
71.0,30.0,306.85538,43.9,2018-08-18 00:00:00,33.71,92.67,96.7,35.94
71.0,30.0,314.46405,27.1,2018-08-18 06:00:00,41.31,106.37,111.8,44.33
71.0,30.0,314.99997,24.1,2018-08-18 12:00:00,41.85,107.33,111.0,43.89
71.0,30.0,310.5539,32.1,2018-08-18 18:00:00,37.4,99.33,102.4,39.11
71.0,30.0,308.1,43.6,2018-08-19 00:00:00,34.95,94.91,100.9,38.28
71.0,30.0,314.28824,29.7,2018-08-19 06:00:00,41.14,106.05,113.5,45.28
71.0,30.0,315.4147,26.3,2018-08-19 12:00:00,42.26,108.08,114.4,45.78
71.0,30.0,310.36108,34.5,2018-08-19 18:00:00,37.21,98.98,103.2,39.56
71.0,30.0,308.49313,43.5,2018-08-20 00:00:00,35.34,95.62,102.3,39.06
71.0,30.0,313.7294,34.0,2018-08-20 06:00:00,40.58,105.04,115.3,46.28
71.0,30.0,315.22852,29.6,2018-08-20 12:00:00,42.08,107.74,116.9,47.17
71.0,30.0,310.7,38.5,2018-08-20 18:00:00,37.55,99.59,107.2,41.78
71.0,30.0,309.3,38.2,2018-08-21 00:00:00,36.15,97.07,101.9,38.83
71.0,30.0,314.88574,28.4,2018-08-21 06:00:00,41.74,107.12,114.4,45.78
71.0,30.0,314.24664,29.2,2018-08-21 12:00:00,41.1,105.97,112.9,44.94
71.0,30.0,309.99976,34.5,2018-08-21 18:00:00,36.85,98.33,102.0,38.89
71.0,30.0,314.24384,29.8,2018-08-22 06:00:00,41.09,105.97,113.4,45.22
71.0,30.0,316.2,21.5,2018-08-22 12:00:00,43.05,109.49,112.5,44.72
71.0,30.0,310.82196,31.0,2018-08-22 18:00:00,37.67,99.81,102.6,39.22
71.0,30.0,307.0209,47.4,2018-08-23 00:00:00,33.87,92.97,99.1,37.28
71.0,30.0,313.67554,30.4,2018-08-23 06:00:00,40.53,104.95,111.9,44.39
71.0,30.0,315.39023,24.2,2018-08-23 12:00:00,42.24,108.03,112.3,44.61
71.0,30.0,310.0,36.7,2018-08-23 18:00:00,36.85,98.33,103.4,39.67
71.0,30.0,304.5,53.1,2018-08-24 00:00:00,31.35,88.43,93.0,33.89
71.0,30.0,309.8,41.3,2018-08-24 06:00:00,36.65,97.97,105.8,41.0
71.0,30.0,314.57782,25.5,2018-08-24 12:00:00,41.43,106.57,110.8,43.78
71.0,30.0,308.4728,37.0,2018-08-24 18:00:00,35.32,95.58,98.5,36.94
71.0,30.0,304.47552,52.1,2018-08-25 00:00:00,31.33,88.39,92.5,33.61
71.0,30.0,310.61053,38.2,2018-08-25 06:00:00,37.46,99.43,106.6,41.44
71.0,30.0,313.9,25.1,2018-08-25 12:00:00,40.75,105.35,108.3,42.39
71.0,30.0,307.46832,37.4,2018-08-25 18:00:00,34.32,93.77,95.6,35.33
71.0,30.0,304.96832,49.2,2018-08-26 00:00:00,31.82,89.27,92.9,33.83
71.0,30.0,309.99786,36.5,2018-08-26 06:00:00,36.85,98.33,103.3,39.61
71.0,30.0,312.67554,26.6,2018-08-26 12:00:00,39.53,103.15,105.6,40.89
71.0,30.0,306.5389,37.5,2018-08-26 18:00:00,33.39,92.1,92.9,33.83
71.0,30.0,304.4,40.0,2018-08-27 00:00:00,31.25,88.25,88.2,31.22
71.0,30.0,312.30746,29.9,2018-08-27 06:00:00,39.16,102.48,106.7,41.5
71.0,30.0,312.99542,26.0,2018-08-27 12:00:00,39.85,103.72,106.2,41.22
71.0,30.0,307.00705,36.3,2018-08-27 18:00:00,33.86,92.94,93.8,34.33
71.0,30.0,305.64096,39.4,2018-08-28 00:00:00,32.49,90.48,91.2,32.89
71.0,30.0,313.89764,26.1,2018-08-28 06:00:00,40.75,105.35,109.1,42.83
71.0,30.0,314.3941,23.0,2018-08-28 12:00:00,41.24,106.24,108.3,42.39
71.0,30.0,307.58453,32.5,2018-08-28 18:00:00,34.43,93.98,93.9,34.39
71.0,30.0,306.0384,32.8,2018-08-29 00:00:00,32.89,91.2,90.1,32.28
71.0,30.0,314.60748,22.0,2018-08-29 06:00:00,41.46,106.62,108.1,42.28
71.0,30.0,316.1,17.2,2018-08-29 12:00:00,42.95,109.31,108.6,42.56
71.0,30.0,308.8366,28.3,2018-08-29 18:00:00,35.69,96.24,95.5,35.28
71.0,30.0,307.03018,38.7,2018-08-30 00:00:00,33.88,92.98,94.8,34.89
71.0,30.0,315.3,21.7,2018-08-30 06:00:00,42.15,107.87,110.0,43.33
71.0,30.0,315.60004,18.5,2018-08-30 12:00:00,42.45,108.41,108.3,42.39
71.0,30.0,309.10455,33.2,2018-08-30 18:00:00,35.95,96.72,98.5,36.94
71.0,30.0,305.62192,44.1,2018-08-31 00:00:00,32.47,90.45,92.9,33.83
71.0,30.0,313.6,27.2,2018-08-31 06:00:00,40.45,104.81,109.0,42.78
71.0,30.0,314.62915,21.8,2018-08-31 12:00:00,41.48,106.66,108.1,42.28
71.0,30.0,307.5,38.6,2018-08-31 18:00:00,34.35,93.83,96.2,35.67
71.0,30.0,303.1,53.1,2018-09-01 00:00:00,29.95,85.91,88.7,31.5
71.0,30.0,310.57086,33.9,2018-09-01 06:00:00,37.42,99.36,103.6,39.78
71.0,30.0,313.0345,25.0,2018-09-01 12:00:00,39.88,103.79,105.6,40.89
71.0,30.0,306.01724,38.2,2018-09-01 18:00:00,32.87,91.16,91.8,33.22
71.0,30.0,304.16827,50.2,2018-09-02 00:00:00,31.02,87.83,90.8,32.67
71.0,30.0,310.70557,35.3,2018-09-02 06:00:00,37.56,99.6,104.9,40.5
71.0,30.0,313.26767,26.0,2018-09-02 12:00:00,40.12,104.21,107.0,41.67
71.0,30.0,306.99503,38.2,2018-09-02 18:00:00,33.85,92.92,94.5,34.72
71.0,30.0,304.12607,46.8,2018-09-03 00:00:00,30.98,87.76,89.6,32.0
71.0,30.0,311.0489,33.5,2018-09-03 06:00:00,37.9,100.22,104.9,40.5
71.0,30.0,313.12753,25.8,2018-09-03 12:00:00,39.98,103.96,106.4,41.33
71.0,30.0,306.6201,36.7,2018-09-03 18:00:00,33.47,92.25,92.9,33.83
71.0,30.0,304.6417,42.3,2018-09-04 00:00:00,31.49,88.69,89.5,31.94
71.0,30.0,312.8647,28.2,2018-09-04 06:00:00,39.71,103.49,107.3,41.83
71.0,30.0,313.83447,21.8,2018-09-04 12:00:00,40.68,105.23,105.8,41.0
71.0,30.0,307.3,34.4,2018-09-04 18:00:00,34.15,93.47,93.8,34.33
71.0,30.0,304.768,39.7,2018-09-05 00:00:00,31.62,88.91,89.0,31.67
71.0,30.0,312.47842,28.3,2018-09-05 06:00:00,39.33,102.79,106.1,41.17
71.0,30.0,314.42157,16.4,2018-09-05 12:00:00,41.27,106.29,104.0,40.0
71.0,30.0,306.2,30.4,2018-09-05 18:00:00,33.05,91.49,89.8,32.11
71.0,30.0,303.42914,42.6,2018-09-06 00:00:00,30.28,86.5,86.6,30.33
71.0,30.0,313.60748,19.7,2018-09-06 06:00:00,40.46,104.82,103.9,39.94
71.0,30.0,314.4611,14.4,2018-09-06 12:00:00,41.31,106.36,103.0,39.44
71.0,30.0,306.23892,27.9,2018-09-06 18:00:00,33.09,91.56,89.3,31.83
71.0,30.0,303.29227,37.6,2018-09-07 00:00:00,30.14,86.26,85.3,29.61
71.0,30.0,313.69226,18.1,2018-09-07 06:00:00,40.54,104.98,103.2,39.56
71.0,30.0,314.24612,16.8,2018-09-07 12:00:00,41.1,105.97,103.8,39.89
71.0,30.0,305.10773,28.6,2018-09-07 18:00:00,31.96,89.52,87.1,30.61
71.0,30.0,302.10004,37.6,2018-09-08 00:00:00,28.95,84.11,83.0,28.33
71.0,30.0,313.70013,17.9,2018-09-08 06:00:00,40.55,104.99,103.1,39.5
71.0,30.0,314.60046,16.4,2018-09-08 12:00:00,41.45,106.61,104.4,40.22
71.0,30.0,305.9,31.3,2018-09-08 18:00:00,32.75,90.95,89.4,31.89
71.0,30.0,304.0,43.2,2018-09-09 00:00:00,30.85,87.53,88.1,31.17
71.0,30.0,312.7,27.0,2018-09-09 06:00:00,39.55,103.19,105.9,41.06
71.0,30.0,313.77783,22.2,2018-09-09 12:00:00,40.63,105.13,105.9,41.06
71.0,30.0,305.86832,43.0,2018-09-09 18:00:00,32.72,90.89,93.2,34.0
71.0,30.0,303.96832,52.6,2018-09-10 00:00:00,30.82,87.47,91.1,32.83
71.0,30.0,313.2853,30.1,2018-09-10 06:00:00,40.14,104.24,110.2,43.44
71.0,30.0,314.4147,21.0,2018-09-10 12:00:00,41.26,106.28,106.9,41.61
71.0,30.0,306.6922,35.6,2018-09-10 18:00:00,33.54,92.38,92.7,33.72
71.0,30.0,304.3,43.7,2018-09-11 00:00:00,31.15,88.07,89.1,31.72
71.0,30.0,314.4781,21.0,2018-09-11 06:00:00,41.33,106.39,107.1,41.72
71.0,30.0,315.55338,16.5,2018-09-11 12:00:00,42.4,108.33,106.8,41.56
71.0,30.0,308.03168,31.5,2018-09-11 18:00:00,34.88,94.79,94.7,34.83
71.0,30.0,303.4,53.1,2018-09-12 00:00:00,30.25,86.45,89.5,31.94
71.0,30.0,311.9245,30.1,2018-09-12 06:00:00,38.77,101.79,105.5,40.83
71.0,30.0,313.8692,20.2,2018-09-12 12:00:00,40.72,105.29,104.9,40.5
71.0,30.0,305.1839,32.3,2018-09-12 18:00:00,32.03,89.66,88.0,31.11
71.0,30.0,301.23187,61.5,2018-09-13 00:00:00,28.08,82.55,85.5,29.72
71.0,30.0,310.2431,32.5,2018-09-13 06:00:00,37.09,98.77,101.6,38.67
71.0,30.0,313.2431,21.5,2018-09-13 12:00:00,40.09,104.17,104.0,40.0
71.0,30.0,303.93982,39.0,2018-09-13 18:00:00,30.79,87.42,86.9,30.5
71.0,30.0,302.00006,62.0,2018-09-14 00:00:00,28.85,83.93,87.9,31.06
71.0,30.0,308.46786,41.6,2018-09-14 06:00:00,35.32,95.57,101.0,38.33
71.0,30.0,311.2431,29.2,2018-09-14 12:00:00,38.09,100.57,102.8,39.33
71.0,30.0,304.26468,40.2,2018-09-14 18:00:00,31.11,88.01,88.0,31.11
71.0,30.0,301.74313,58.3,2018-09-15 00:00:00,28.59,83.47,86.2,30.11
71.0,30.0,309.22156,37.1,2018-09-15 06:00:00,36.07,96.93,101.0,38.33
71.0,30.0,310.11423,31.0,2018-09-15 12:00:00,36.96,98.54,100.4,38.0
71.0,30.0,300.9394,57.7,2018-09-15 18:00:00,27.79,82.02,84.0,28.89
71.0,30.0,299.42987,64.8,2018-09-16 00:00:00,26.28,79.3,80.0,26.67
71.0,30.0,307.41022,38.6,2018-09-16 06:00:00,34.26,93.67,95.9,35.5
71.0,30.0,310.7224,26.2,2018-09-16 12:00:00,37.57,99.63,99.7,37.61
71.0,30.0,304.02243,37.2,2018-09-16 18:00:00,30.87,87.57,86.7,30.39
71.0,30.0,302.23892,35.5,2018-09-17 00:00:00,29.09,84.36,83.0,28.33
71.0,30.0,310.18503,24.7,2018-09-17 06:00:00,37.04,98.66,97.5,36.39
71.0,30.0,312.33893,16.3,2018-09-17 12:00:00,39.19,102.54,99.2,37.33
71.0,30.0,304.4,30.5,2018-09-17 18:00:00,31.25,88.25,86.1,30.06
71.0,30.0,303.3,29.4,2018-09-18 00:00:00,30.15,86.27,83.9,28.83
71.0,30.0,312.27554,20.1,2018-09-18 06:00:00,39.13,102.43,100.7,38.17
71.0,30.0,313.4,14.5,2018-09-18 12:00:00,40.25,104.45,100.7,38.17
71.0,30.0,304.0199,25.9,2018-09-18 18:00:00,30.87,87.57,84.7,29.28
71.0,30.0,302.41458,37.8,2018-09-19 00:00:00,29.26,84.68,83.6,28.67
71.0,30.0,312.85864,18.1,2018-09-19 06:00:00,39.71,103.48,101.2,38.44
71.0,30.0,313.83942,12.1,2018-09-19 12:00:00,40.69,105.24,100.5,38.06
71.0,30.0,304.6,21.5,2018-09-19 18:00:00,31.45,88.61,85.2,29.56
71.0,30.0,301.6461,31.3,2018-09-20 00:00:00,28.5,83.29,81.6,27.56
71.0,30.0,313.23148,15.1,2018-09-20 06:00:00,40.08,104.15,100.6,38.11
71.0,30.0,314.0583,11.6,2018-09-20 12:00:00,40.91,105.63,100.6,38.11
71.0,30.0,304.7,18.5,2018-09-20 18:00:00,31.55,88.79,85.1,29.5
71.0,30.0,301.21722,20.8,2018-09-21 00:00:00,28.07,82.52,80.3,26.83
71.0,30.0,313.52783,12.0,2018-09-21 06:00:00,40.38,104.68,99.8,37.67
71.0,30.0,313.66364,9.4,2018-09-21 12:00:00,40.51,104.92,98.7,37.06
71.0,30.0,303.86362,21.8,2018-09-21 18:00:00,30.71,87.28,84.0,28.89
71.0,30.0,301.18857,37.8,2018-09-22 00:00:00,28.04,82.47,81.6,27.56
71.0,30.0,310.07413,26.9,2018-09-22 06:00:00,36.92,98.46,98.2,36.78
71.0,30.0,311.54892,20.6,2018-09-22 12:00:00,38.4,101.12,99.2,37.33
71.0,30.0,301.5,50.7,2018-09-22 18:00:00,28.35,83.03,84.1,28.94
71.0,30.0,298.4,64.5,2018-09-23 00:00:00,25.25,77.45,77.9,25.5
71.0,30.0,306.81277,38.7,2018-09-23 06:00:00,33.66,92.59,94.2,34.56
71.0,30.0,309.59772,27.1,2018-09-23 12:00:00,36.45,97.61,97.0,36.11
71.0,30.0,303.08276,38.7,2018-09-23 18:00:00,29.93,85.88,85.0,29.44
71.0,30.0,299.32333,65.5,2018-09-24 00:00:00,26.17,79.11,79.8,26.56
71.0,30.0,307.01825,40.7,2018-09-24 06:00:00,33.87,92.96,95.7,35.39
71.0,30.0,309.2647,27.5,2018-09-24 12:00:00,36.11,97.01,96.3,35.72
71.0,30.0,302.2647,41.9,2018-09-24 18:00:00,29.11,84.41,84.0,28.89
71.0,30.0,299.05823,49.8,2018-09-25 00:00:00,25.91,78.63,78.5,25.83
71.0,30.0,310.14313,21.3,2018-09-25 06:00:00,36.99,98.59,96.1,35.61
71.0,30.0,310.8,18.2,2018-09-25 12:00:00,37.65,99.77,96.5,35.83
71.0,30.0,302.7,31.1,2018-09-25 18:00:00,29.55,85.19,83.2,28.44
71.0,30.0,299.49942,40.8,2018-09-26 00:00:00,26.35,79.43,79.0,26.11
71.0,30.0,311.19424,17.2,2018-09-26 06:00:00,38.04,100.48,97.1,36.17
71.0,30.0,311.4,11.4,2018-09-26 12:00:00,38.25,100.85,95.5,35.28
71.0,30.0,302.76968,20.5,2018-09-26 18:00:00,29.62,85.32,82.3,27.94
71.0,30.0,300.01733,31.1,2018-09-27 00:00:00,26.87,80.36,79.6,26.44
71.0,30.0,311.6219,15.4,2018-09-27 06:00:00,38.47,101.25,97.4,36.33
71.0,30.0,312.07553,13.5,2018-09-27 12:00:00,38.93,102.07,97.7,36.5
71.0,30.0,301.77554,34.9,2018-09-27 18:00:00,28.63,83.53,82.2,27.89
71.0,30.0,300.22916,38.3,2018-09-28 00:00:00,27.08,80.74,80.3,26.83
71.0,30.0,311.4942,18.4,2018-09-28 06:00:00,38.34,101.02,98.2,36.78
71.0,30.0,311.4491,14.9,2018-09-28 12:00:00,38.3,100.94,96.9,36.06
71.0,30.0,302.90002,24.5,2018-09-28 18:00:00,29.75,85.55,82.8,28.22
71.0,30.0,300.76758,31.7,2018-09-29 00:00:00,27.62,81.71,80.4,26.89
71.0,30.0,310.32892,20.5,2018-09-29 06:00:00,37.18,98.92,96.3,35.72
71.0,30.0,310.91995,16.2,2018-09-29 12:00:00,37.77,99.99,96.2,35.67
71.0,30.0,302.71042,27.3,2018-09-29 18:00:00,29.56,85.21,82.7,28.17
71.0,30.0,300.58868,31.5,2018-09-30 00:00:00,27.44,81.39,80.2,26.78
71.0,30.0,311.01212,17.8,2018-09-30 06:00:00,37.86,100.15,96.9,36.06
71.0,30.0,310.39996,13.7,2018-09-30 12:00:00,37.25,99.05,94.5,34.72
71.0,30.0,302.64832,18.6,2018-09-30 18:00:00,29.5,85.1,82.1,27.83
71.0,30.0,300.15097,16.1,2018-10-01 00:00:00,27.0,80.6,79.1,26.17
71.0,30.0,310.71933,9.2,2018-10-01 06:00:00,37.57,99.62,93.5,34.17
71.0,30.0,310.00305,10.3,2018-10-01 12:00:00,36.85,98.34,92.6,33.67
71.0,30.0,302.3,18.9,2018-10-01 18:00:00,29.15,84.47,81.6,27.56
71.0,30.0,299.39798,23.6,2018-10-02 00:00:00,26.25,79.25,78.0,25.56
71.0,30.0,311.44214,10.5,2018-10-02 06:00:00,38.29,100.93,95.2,35.11
71.0,30.0,310.2379,7.2,2018-10-02 12:00:00,37.09,98.76,92.0,33.33
71.0,30.0,301.1,11.1,2018-10-02 18:00:00,27.95,82.31,79.6,26.44
71.0,30.0,298.19412,12.5,2018-10-03 00:00:00,25.04,77.08,75.1,23.94
71.0,30.0,310.63672,7.5,2018-10-03 06:00:00,37.49,99.48,92.8,33.78
71.0,30.0,308.92935,6.6,2018-10-03 12:00:00,35.78,96.4,89.8,32.11
71.0,30.0,301.02914,9.8,2018-10-03 18:00:00,27.88,82.18,79.3,26.28
71.0,30.0,297.34668,13.0,2018-10-04 00:00:00,24.2,75.55,73.4,23.0
71.0,30.0,308.86493,10.4,2018-10-04 06:00:00,35.71,96.29,90.8,32.67
71.0,30.0,308.9,9.4,2018-10-04 12:00:00,35.75,96.35,90.5,32.5
71.0,30.0,299.5461,16.8,2018-10-04 18:00:00,26.4,79.51,78.0,25.56
71.0,30.0,297.0278,17.2,2018-10-05 00:00:00,23.88,74.98,73.0,22.78
71.0,30.0,309.08463,12.0,2018-10-05 06:00:00,35.93,96.68,91.7,33.17
71.0,30.0,308.48856,13.2,2018-10-05 12:00:00,35.34,95.61,91.0,32.78
71.0,30.0,299.17667,24.2,2018-10-05 18:00:00,26.03,78.85,77.6,25.33
71.0,30.0,297.53915,31.4,2018-10-06 00:00:00,24.39,75.9,74.7,23.72
71.0,30.0,309.39996,16.5,2018-10-06 06:00:00,36.25,97.25,93.2,34.0
71.0,30.0,308.24985,13.4,2018-10-06 12:00:00,35.1,95.18,90.6,32.56
71.0,30.0,300.17554,21.2,2018-10-06 18:00:00,27.03,80.65,79.4,26.33
71.0,30.0,297.28864,26.4,2018-10-07 00:00:00,24.14,75.45,73.9,23.28
71.0,30.0,309.66467,13.2,2018-10-07 06:00:00,36.51,97.73,93.1,33.94
71.0,30.0,307.82144,11.2,2018-10-07 12:00:00,34.67,94.41,89.3,31.83
71.0,30.0,299.45016,19.4,2018-10-07 18:00:00,26.3,79.34,77.9,25.5
71.0,30.0,297.45615,21.9,2018-10-08 00:00:00,24.31,75.75,74.1,23.39
71.0,30.0,309.98364,11.2,2018-10-08 06:00:00,36.83,98.3,92.9,33.83
71.0,30.0,308.82486,11.2,2018-10-08 12:00:00,35.67,96.21,90.9,32.72
71.0,30.0,300.7,12.4,2018-10-08 18:00:00,27.55,81.59,79.3,26.28
71.0,30.0,296.11554,24.9,2018-10-09 00:00:00,22.97,73.34,71.5,21.94
71.0,30.0,306.8959,18.4,2018-10-09 06:00:00,33.75,92.74,88.8,31.56
71.0,30.0,306.74084,17.0,2018-10-09 12:00:00,33.59,92.46,88.4,31.33
71.0,30.0,298.38275,28.3,2018-10-09 18:00:00,25.23,77.42,76.2,24.56
71.0,30.0,295.82425,35.5,2018-10-10 00:00:00,22.67,72.81,71.5,21.94
71.0,30.0,307.34937,18.6,2018-10-10 06:00:00,34.2,93.56,89.7,32.06
71.0,30.0,305.4037,13.2,2018-10-10 12:00:00,32.25,90.06,86.0,30.0
71.0,30.0,299.10495,20.0,2018-10-10 18:00:00,25.95,78.72,77.2,25.11
71.0,30.0,295.10208,21.6,2018-10-11 00:00:00,21.95,71.51,69.4,20.78
71.0,30.0,307.0822,12.2,2018-10-11 06:00:00,33.93,93.08,88.4,31.33
71.0,30.0,305.1985,11.8,2018-10-11 12:00:00,32.05,89.69,85.4,29.67
71.0,30.0,297.2047,19.8,2018-10-11 18:00:00,24.05,75.3,73.5,23.06
71.0,30.0,294.74725,22.2,2018-10-12 00:00:00,21.6,70.88,68.7,20.39
71.0,30.0,306.8431,11.1,2018-10-12 06:00:00,33.69,92.65,87.7,30.94
71.0,30.0,305.26947,10.6,2018-10-12 12:00:00,32.12,89.82,85.3,29.61
71.0,30.0,296.5621,17.0,2018-10-12 18:00:00,23.41,74.14,72.1,22.28
71.0,30.0,294.22952,18.7,2018-10-13 00:00:00,21.08,69.94,67.5,19.72
71.0,30.0,306.7589,10.5,2018-10-13 06:00:00,33.61,92.5,87.4,30.78
71.0,30.0,304.59625,11.8,2018-10-13 12:00:00,31.45,88.6,84.5,29.17
71.0,30.0,297.0853,18.6,2018-10-13 18:00:00,23.94,75.08,73.2,22.89
71.0,30.0,294.36758,24.0,2018-10-14 00:00:00,21.22,70.19,68.0,20.0
71.0,30.0,305.3945,13.2,2018-10-14 06:00:00,32.24,90.04,86.0,30.0
71.0,30.0,304.0559,10.7,2018-10-14 12:00:00,30.91,87.63,83.5,28.61
71.0,30.0,297.43823,16.0,2018-10-14 18:00:00,24.29,75.72,73.7,23.17
71.0,30.0,294.6028,21.9,2018-10-15 00:00:00,21.45,70.62,68.4,20.22
71.0,30.0,306.83105,10.9,2018-10-15 06:00:00,33.68,92.63,87.7,30.94
71.0,30.0,305.5222,10.0,2018-10-15 12:00:00,32.37,90.27,85.5,29.72
71.0,30.0,298.07327,15.3,2018-10-15 18:00:00,24.92,76.86,75.0,23.89
71.0,30.0,295.9226,18.5,2018-10-16 00:00:00,22.77,72.99,70.9,21.61
71.0,30.0,307.89993,9.8,2018-10-16 06:00:00,34.75,94.55,89.0,31.67
71.0,30.0,306.71863,10.3,2018-10-16 12:00:00,33.57,92.42,87.3,30.72
71.0,30.0,298.0748,17.8,2018-10-16 18:00:00,24.92,76.86,75.1,23.94
71.0,30.0,296.0475,19.3,2018-10-17 00:00:00,22.9,73.22,71.1,21.72
71.0,30.0,306.01373,15.7,2018-10-17 06:00:00,32.86,91.15,87.0,30.56
71.0,30.0,304.67276,12.7,2018-10-17 12:00:00,31.52,88.74,84.8,29.33
71.0,30.0,296.64612,22.1,2018-10-17 18:00:00,23.5,74.29,72.5,22.5
71.0,30.0,295.05597,26.1,2018-10-18 00:00:00,21.91,71.43,69.5,20.83
71.0,30.0,305.58862,14.9,2018-10-18 06:00:00,32.44,90.39,86.3,30.17
71.0,30.0,304.07086,14.6,2018-10-18 12:00:00,30.92,87.66,84.0,28.89
71.0,30.0,297.0,21.9,2018-10-18 18:00:00,23.85,74.93,73.2,22.89
71.0,30.0,294.38312,24.7,2018-10-19 00:00:00,21.23,70.22,68.1,20.06
71.0,30.0,305.8315,13.4,2018-10-19 06:00:00,32.68,90.83,86.6,30.33
71.0,30.0,304.04562,13.7,2018-10-19 12:00:00,30.9,87.61,83.9,28.83
71.0,30.0,297.25967,19.8,2018-10-19 18:00:00,24.11,75.4,73.6,23.11
71.0,30.0,294.65457,23.3,2018-10-20 00:00:00,21.5,70.71,68.6,20.33
71.0,30.0,305.7775,12.4,2018-10-20 06:00:00,32.63,90.73,86.4,30.22
71.0,30.0,303.6598,13.9,2018-10-20 12:00:00,30.51,86.92,83.4,28.56
71.0,30.0,297.4486,18.2,2018-10-20 18:00:00,24.3,75.74,73.9,23.28
71.0,30.0,293.77322,24.6,2018-10-21 00:00:00,20.62,69.12,66.9,19.39
71.0,30.0,305.74576,12.4,2018-10-21 06:00:00,32.6,90.67,86.3,30.17
71.0,30.0,303.97812,12.1,2018-10-21 12:00:00,30.83,87.49,83.7,28.72
71.0,30.0,296.4303,18.2,2018-10-21 18:00:00,23.28,73.9,71.8,22.11
71.0,30.0,294.228,22.4,2018-10-22 00:00:00,21.08,69.94,67.7,19.83
71.0,30.0,305.9163,10.4,2018-10-22 06:00:00,32.77,90.98,86.2,30.11
71.0,30.0,303.92798,8.3,2018-10-22 12:00:00,30.78,87.4,83.0,28.33
71.0,30.0,296.14575,11.0,2018-10-22 18:00:00,23.0,73.39,70.9,21.61
71.0,30.0,293.20166,15.6,2018-10-23 00:00:00,20.05,68.09,65.3,18.5
71.0,30.0,305.74268,10.1,2018-10-23 06:00:00,32.59,90.67,85.8,29.89
71.0,30.0,304.03946,10.4,2018-10-23 12:00:00,30.89,87.6,83.4,28.56
71.0,30.0,296.32382,19.1,2018-10-23 18:00:00,23.17,73.71,71.7,22.06
71.0,30.0,293.7346,24.9,2018-10-24 00:00:00,20.58,69.05,66.8,19.33
71.0,30.0,304.76077,12.6,2018-10-24 06:00:00,31.61,88.9,84.9,29.39
71.0,30.0,303.23434,12.4,2018-10-24 12:00:00,30.08,86.15,82.6,28.11
71.0,30.0,296.43573,19.3,2018-10-24 18:00:00,23.29,73.91,71.9,22.17
71.0,30.0,294.74222,23.4,2018-10-25 00:00:00,21.59,70.87,68.8,20.44
71.0,30.0,304.85,13.8,2018-10-25 06:00:00,31.7,89.06,85.1,29.5
71.0,30.0,303.8496,14.8,2018-10-25 12:00:00,30.7,87.26,83.7,28.72
71.0,30.0,296.90878,26.7,2018-10-25 18:00:00,23.76,74.77,73.2,22.89
71.0,30.0,294.85794,28.8,2018-10-26 00:00:00,21.71,71.07,69.2,20.67
71.0,30.0,304.70255,14.3,2018-10-26 06:00:00,31.55,88.79,84.9,29.39
71.0,30.0,303.20935,15.5,2018-10-26 12:00:00,30.06,86.11,82.7,28.17
71.0,30.0,296.8747,20.8,2018-10-26 18:00:00,23.72,74.7,72.8,22.67
71.0,30.0,294.36197,26.6,2018-10-27 00:00:00,21.21,70.18,68.1,20.06
71.0,30.0,305.34012,14.0,2018-10-27 06:00:00,32.19,89.94,85.9,29.94
71.0,30.0,304.04,15.1,2018-10-27 12:00:00,30.89,87.6,83.9,28.83
71.0,30.0,297.24997,21.2,2018-10-27 18:00:00,24.1,75.38,73.6,23.11
71.0,30.0,294.30887,26.4,2018-10-28 00:00:00,21.16,70.09,68.0,20.0
71.0,30.0,305.65607,14.1,2018-10-28 06:00:00,32.51,90.51,86.4,30.22
71.0,30.0,303.88324,15.6,2018-10-28 12:00:00,30.73,87.32,83.7,28.72
71.0,30.0,297.96146,21.4,2018-10-28 18:00:00,24.81,76.66,75.0,23.89
71.0,30.0,295.8827,26.6,2018-10-29 00:00:00,22.73,72.92,71.2,21.78
71.0,30.0,306.3451,15.1,2018-10-29 06:00:00,33.2,91.75,87.6,30.89
71.0,30.0,304.40616,16.7,2018-10-29 12:00:00,31.26,88.26,84.5,29.17
71.0,30.0,298.3576,23.6,2018-10-29 18:00:00,25.21,77.37,75.9,24.39
71.0,30.0,295.7566,28.4,2018-10-30 00:00:00,22.61,72.69,71.0,21.67
71.0,30.0,306.91306,14.5,2018-10-30 06:00:00,33.76,92.77,88.4,31.33
71.0,30.0,304.59198,16.1,2018-10-30 12:00:00,31.44,88.6,84.8,29.33
71.0,30.0,298.88647,21.4,2018-10-30 18:00:00,25.74,78.33,76.9,24.94
71.0,30.0,295.24,27.9,2018-10-31 00:00:00,22.09,71.76,69.9,21.06
71.0,30.0,306.07318,15.6,2018-10-31 06:00:00,32.92,91.26,87.1,30.61
71.0,30.0,304.63687,16.5,2018-10-31 12:00:00,31.49,88.68,84.9,29.39
71.0,30.0,298.01395,27.3,2018-10-31 18:00:00,24.86,76.76,75.4,24.11
71.0,30.0,296.25412,32.2,2018-11-01 00:00:00,23.1,73.59,72.2,22.33
71.0,30.0,306.1161,17.8,2018-11-01 06:00:00,32.97,91.34,87.4,30.78
71.0,30.0,304.27283,18.3,2018-11-01 12:00:00,31.12,88.02,84.4,29.11
71.0,30.0,298.2179,25.4,2018-11-01 18:00:00,25.07,77.12,75.7,24.28
71.0,30.0,295.51938,21.7,2018-11-02 00:00:00,22.37,72.26,70.2,21.22
71.0,30.0,302.89078,22.3,2018-11-02 06:00:00,29.74,85.53,82.6,28.11
71.0,30.0,301.54535,23.8,2018-11-02 12:00:00,28.4,83.11,80.8,27.11
71.0,30.0,295.34964,34.8,2018-11-02 18:00:00,22.2,71.96,70.5,21.39
71.0,30.0,292.79,39.1,2018-11-03 00:00:00,19.64,67.35,65.6,18.67
71.0,30.0,301.541,24.9,2018-11-03 06:00:00,28.39,83.1,80.9,27.17
71.0,30.0,299.6189,19.6,2018-11-03 12:00:00,26.47,79.64,78.2,25.67
71.0,30.0,293.0005,27.3,2018-11-03 18:00:00,19.85,67.73,65.5,18.61
71.0,30.0,290.03336,21.1,2018-11-04 00:00:00,16.88,62.39,59.3,15.17
71.0,30.0,299.95895,8.7,2018-11-04 06:00:00,26.81,80.26,78.4,25.78
71.0,30.0,298.48248,10.6,2018-11-04 12:00:00,25.33,77.6,75.6,24.22
71.0,30.0,291.8548,14.3,2018-11-04 18:00:00,18.7,65.67,62.6,17.0
71.0,30.0,289.26797,15.8,2018-11-05 00:00:00,16.12,61.01,57.6,14.22
71.0,30.0,299.70035,7.9,2018-11-05 06:00:00,26.55,79.79,77.8,25.44
71.0,30.0,297.7676,9.9,2018-11-05 12:00:00,24.62,76.31,74.1,23.39
71.0,30.0,291.63968,16.0,2018-11-05 18:00:00,18.49,65.28,62.3,16.83
71.0,30.0,289.56393,18.5,2018-11-06 00:00:00,16.41,61.55,58.3,14.61
71.0,30.0,300.84323,9.4,2018-11-06 06:00:00,27.69,81.85,79.0,26.11
71.0,30.0,298.37634,11.1,2018-11-06 12:00:00,25.23,77.41,75.4,24.11
71.0,30.0,293.1038,16.5,2018-11-06 18:00:00,19.95,67.92,65.2,18.44
71.0,30.0,290.43854,19.8,2018-11-07 00:00:00,17.29,63.12,60.1,15.61
71.0,30.0,301.5934,11.0,2018-11-07 06:00:00,28.44,83.2,80.2,26.78
71.0,30.0,300.52695,10.0,2018-11-07 12:00:00,27.38,81.28,79.6,26.44
71.0,30.0,294.37555,14.7,2018-11-07 18:00:00,21.23,70.21,67.6,19.78
71.0,30.0,290.30753,19.9,2018-11-08 00:00:00,17.16,62.88,59.8,15.44
71.0,30.0,301.83258,10.2,2018-11-08 06:00:00,28.68,83.63,80.4,26.89
71.0,30.0,300.17,10.7,2018-11-08 12:00:00,27.02,80.64,78.9,26.06
71.0,30.0,293.90973,15.5,2018-11-08 18:00:00,20.76,69.37,66.7,19.28
71.0,30.0,291.35434,18.7,2018-11-09 00:00:00,18.2,64.77,61.8,16.56
71.0,30.0,301.7115,9.8,2018-11-09 06:00:00,28.56,83.41,80.2,26.78
71.0,30.0,299.69626,11.0,2018-11-09 12:00:00,26.55,79.78,78.0,25.56
71.0,30.0,293.81277,14.8,2018-11-09 18:00:00,20.66,69.19,66.5,19.17
71.0,30.0,291.77063,16.8,2018-11-10 00:00:00,18.62,65.52,62.6,17.0
71.0,30.0,301.46664,10.1,2018-11-10 06:00:00,28.32,82.97,79.9,26.61
71.0,30.0,299.83347,11.8,2018-11-10 12:00:00,26.68,80.03,78.3,25.72
71.0,30.0,294.87854,15.4,2018-11-10 18:00:00,21.73,71.11,68.6,20.33
71.0,30.0,291.75134,19.0,2018-11-11 00:00:00,18.6,65.48,62.6,17.0
71.0,30.0,302.09833,11.7,2018-11-11 06:00:00,28.95,84.11,81.0,27.22
71.0,30.0,300.56924,13.1,2018-11-11 12:00:00,27.42,81.35,79.8,26.56
71.0,30.0,295.0307,19.1,2018-11-11 18:00:00,21.88,71.39,69.1,20.61
71.0,30.0,292.23535,25.3,2018-11-12 00:00:00,19.09,66.35,63.9,17.72
71.0,30.0,301.54053,14.8,2018-11-12 06:00:00,28.39,83.1,80.5,26.94
71.0,30.0,299.39987,15.3,2018-11-12 12:00:00,26.25,79.25,77.6,25.33
71.0,30.0,294.6786,18.8,2018-11-12 18:00:00,21.53,70.75,68.4,20.22
71.0,30.0,291.74872,24.2,2018-11-13 00:00:00,18.6,65.48,62.9,17.17
71.0,30.0,301.5953,13.8,2018-11-13 06:00:00,28.45,83.2,80.5,26.94
71.0,30.0,299.2338,15.7,2018-11-13 12:00:00,26.08,78.95,77.3,25.17
71.0,30.0,294.30405,22.8,2018-11-13 18:00:00,21.15,70.08,67.9,19.94
71.0,30.0,292.19427,29.0,2018-11-14 00:00:00,19.04,66.28,64.0,17.78
71.0,30.0,301.01624,14.8,2018-11-14 06:00:00,27.87,82.16,79.8,26.56
71.0,30.0,298.40335,19.5,2018-11-14 12:00:00,25.25,77.46,75.8,24.33
71.0,30.0,292.59442,31.6,2018-11-14 18:00:00,19.44,67.0,64.9,18.28
71.0,30.0,290.2498,46.9,2018-11-15 00:00:00,17.1,62.78,61.0,16.11
71.0,30.0,299.49228,28.0,2018-11-15 06:00:00,26.34,79.42,78.4,25.78
71.0,30.0,298.77374,25.9,2018-11-15 12:00:00,25.62,78.12,76.8,24.89
71.0,30.0,292.34503,42.4,2018-11-15 18:00:00,19.2,66.55,64.9,18.28
71.0,30.0,290.60645,47.4,2018-11-16 00:00:00,17.46,63.42,61.7,16.5
71.0,30.0,299.25992,28.3,2018-11-16 06:00:00,26.11,79.0,77.9,25.5
71.0,30.0,299.27322,23.6,2018-11-16 12:00:00,26.12,79.02,77.7,25.39
71.0,30.0,293.11526,33.7,2018-11-16 18:00:00,19.97,67.94,66.0,18.89
71.0,30.0,290.71817,38.9,2018-11-17 00:00:00,17.57,63.62,61.5,16.39
71.0,30.0,299.6394,21.6,2018-11-17 06:00:00,26.49,79.68,78.4,25.78
71.0,30.0,299.4312,19.5,2018-11-17 12:00:00,26.28,79.31,77.9,25.5
71.0,30.0,294.63553,28.2,2018-11-17 18:00:00,21.49,70.67,68.8,20.44
71.0,30.0,292.23386,33.9,2018-11-18 00:00:00,19.08,66.35,64.3,17.94
71.0,30.0,300.8015,19.7,2018-11-18 06:00:00,27.65,81.77,79.7,26.5
71.0,30.0,299.8446,21.1,2018-11-18 12:00:00,26.69,80.05,78.7,25.94
71.0,30.0,294.40356,27.1,2018-11-18 18:00:00,21.25,70.26,68.3,20.17
71.0,30.0,292.4632,26.4,2018-11-19 00:00:00,19.31,66.76,64.4,18.0
71.0,30.0,301.62607,15.8,2018-11-19 06:00:00,28.48,83.26,80.6,27.0
71.0,30.0,299.76108,17.5,2018-11-19 12:00:00,26.61,79.9,78.4,25.78
71.0,30.0,294.07373,23.2,2018-11-19 18:00:00,20.92,69.66,67.4,19.67
71.0,30.0,291.6518,28.2,2018-11-20 00:00:00,18.5,65.3,62.9,17.17
71.0,30.0,301.25714,14.0,2018-11-20 06:00:00,28.11,82.59,80.1,26.72
71.0,30.0,298.9682,16.4,2018-11-20 12:00:00,25.82,78.47,76.8,24.89
71.0,30.0,293.29,22.9,2018-11-20 18:00:00,20.14,68.25,65.9,18.83
71.0,30.0,291.26257,25.5,2018-11-21 00:00:00,18.11,64.6,62.0,16.67
71.0,30.0,301.06406,16.5,2018-11-21 06:00:00,27.91,82.25,79.9,26.61
71.0,30.0,298.46637,15.6,2018-11-21 12:00:00,25.32,77.57,75.8,24.33
71.0,30.0,293.4495,21.0,2018-11-21 18:00:00,20.3,68.54,66.1,18.94
71.0,30.0,291.55316,23.2,2018-11-22 00:00:00,18.4,65.13,62.4,16.89
71.0,30.0,301.0593,12.8,2018-11-22 06:00:00,27.91,82.24,79.8,26.56
71.0,30.0,299.09857,17.4,2018-11-22 12:00:00,25.95,78.71,77.1,25.06
71.0,30.0,292.3993,29.4,2018-11-22 18:00:00,19.25,66.65,64.4,18.0
71.0,30.0,289.99756,40.6,2018-11-23 00:00:00,16.85,62.33,60.2,15.67
71.0,30.0,299.39243,20.5,2018-11-23 06:00:00,26.24,79.24,77.8,25.44
71.0,30.0,298.26462,19.1,2018-11-23 12:00:00,25.11,77.21,75.5,24.17
71.0,30.0,292.4242,27.9,2018-11-23 18:00:00,19.27,66.69,64.4,18.0
71.0,30.0,290.95065,30.5,2018-11-24 00:00:00,17.8,64.04,61.6,16.44
71.0,30.0,301.51266,16.5,2018-11-24 06:00:00,28.36,83.05,80.5,26.94
71.0,30.0,299.8165,15.9,2018-11-24 12:00:00,26.67,80.0,78.4,25.78
71.0,30.0,293.69266,25.8,2018-11-24 18:00:00,20.54,68.98,66.8,19.33
71.0,30.0,290.43536,34.1,2018-11-25 00:00:00,17.29,63.11,60.7,15.94
71.0,30.0,301.8629,16.3,2018-11-25 06:00:00,28.71,83.68,80.9,27.17
71.0,30.0,299.63757,16.1,2018-11-25 12:00:00,26.49,79.68,78.1,25.61
71.0,30.0,294.76266,22.0,2018-11-25 18:00:00,21.61,70.9,68.7,20.39
71.0,30.0,292.27176,26.5,2018-11-26 00:00:00,19.12,66.42,64.0,17.78
71.0,30.0,301.53458,15.2,2018-11-26 06:00:00,28.38,83.09,80.5,26.94
71.0,30.0,299.68198,17.0,2018-11-26 12:00:00,26.53,79.76,78.2,25.67
71.0,30.0,295.2324,22.0,2018-11-26 18:00:00,22.08,71.75,69.7,20.94
71.0,30.0,292.6503,26.3,2018-11-27 00:00:00,19.5,67.1,64.7,18.17
71.0,30.0,301.20236,15.9,2018-11-27 06:00:00,28.05,82.49,80.1,26.72
71.0,30.0,299.02408,18.2,2018-11-27 12:00:00,25.87,78.57,77.0,25.0
71.0,30.0,294.12537,25.3,2018-11-27 18:00:00,20.98,69.76,67.6,19.78
71.0,30.0,291.77304,27.9,2018-11-28 00:00:00,18.62,65.52,63.1,17.28
71.0,30.0,300.4635,16.3,2018-11-28 06:00:00,27.31,81.16,79.7,26.5
71.0,30.0,298.70142,19.1,2018-11-28 12:00:00,25.55,77.99,76.4,24.67
71.0,30.0,293.81683,24.5,2018-11-28 18:00:00,20.67,69.2,67.0,19.44
71.0,30.0,291.31848,30.5,2018-11-29 00:00:00,18.17,64.7,62.3,16.83
71.0,30.0,300.07968,19.3,2018-11-29 06:00:00,26.93,80.47,79.1,26.17
71.0,30.0,298.36127,21.8,2018-11-29 12:00:00,25.21,77.38,75.8,24.33
71.0,30.0,293.1467,27.8,2018-11-29 18:00:00,20.0,67.99,65.8,18.78
71.0,30.0,291.132,31.9,2018-11-30 00:00:00,17.98,64.37,62.0,16.67
71.0,30.0,300.3237,19.4,2018-11-30 06:00:00,27.17,80.91,79.6,26.44
71.0,30.0,297.3786,19.6,2018-11-30 12:00:00,24.23,75.61,73.8,23.22
71.0,30.0,292.49686,27.6,2018-11-30 18:00:00,19.35,66.82,64.5,18.06
71.0,30.0,290.1158,34.2,2018-12-01 00:00:00,16.97,62.54,60.1,15.61
71.0,30.0,299.50525,19.0,2018-12-01 06:00:00,26.36,79.44,78.0,25.56
71.0,30.0,297.16232,13.1,2018-12-01 12:00:00,24.01,75.22,73.1,22.83
71.0,30.0,292.09485,17.1,2018-12-01 18:00:00,18.94,66.1,63.2,17.33
71.0,30.0,288.9368,26.2,2018-12-02 00:00:00,15.79,60.42,57.4,14.11
71.0,30.0,298.33282,16.5,2018-12-02 06:00:00,25.18,77.33,75.5,24.17
71.0,30.0,297.634,14.7,2018-12-02 12:00:00,24.48,76.07,74.1,23.39
71.0,30.0,291.67038,23.9,2018-12-02 18:00:00,18.52,65.34,62.7,17.06
71.0,30.0,289.58118,31.0,2018-12-03 00:00:00,16.43,61.58,58.9,14.94
71.0,30.0,298.53165,18.6,2018-12-03 06:00:00,25.38,77.69,76.0,24.44
71.0,30.0,296.6073,18.7,2018-12-03 12:00:00,23.46,74.22,72.2,22.33
71.0,30.0,291.915,25.2,2018-12-03 18:00:00,18.77,65.78,63.2,17.33
71.0,30.0,289.78067,30.4,2018-12-04 00:00:00,16.63,61.94,59.3,15.17
71.0,30.0,297.99286,18.8,2018-12-04 06:00:00,24.84,76.72,75.0,23.89
71.0,30.0,296.30682,21.6,2018-12-04 12:00:00,23.16,73.68,71.8,22.11
71.0,30.0,291.5917,28.3,2018-12-04 18:00:00,18.44,65.2,62.8,17.11
71.0,30.0,289.16583,32.0,2018-12-05 00:00:00,16.02,60.83,58.1,14.5
71.0,30.0,297.95636,20.1,2018-12-05 06:00:00,24.81,76.65,75.0,23.89
71.0,30.0,296.526,21.4,2018-12-05 12:00:00,23.38,74.08,72.2,22.33
71.0,30.0,291.20316,29.0,2018-12-05 18:00:00,18.05,64.5,62.0,16.67
71.0,30.0,288.01468,38.3,2018-12-06 00:00:00,14.86,58.76,56.1,13.39
71.0,30.0,297.38016,21.9,2018-12-06 06:00:00,24.23,75.61,73.9,23.28
71.0,30.0,295.97745,23.2,2018-12-06 12:00:00,22.83,73.09,71.2,21.78
71.0,30.0,290.28995,32.2,2018-12-06 18:00:00,17.14,62.85,60.3,15.72
71.0,30.0,288.21747,36.2,2018-12-07 00:00:00,15.07,59.12,56.4,13.56
71.0,30.0,296.59082,22.0,2018-12-07 06:00:00,23.44,74.19,72.3,22.39
71.0,30.0,294.56934,23.3,2018-12-07 12:00:00,21.42,70.55,68.4,20.22
71.0,30.0,290.38257,30.4,2018-12-07 18:00:00,17.23,63.02,60.5,15.83
71.0,30.0,287.98016,39.4,2018-12-08 00:00:00,14.83,58.69,56.1,13.39
71.0,30.0,296.5044,22.6,2018-12-08 06:00:00,23.35,74.04,72.2,22.33
71.0,30.0,294.86212,23.7,2018-12-08 12:00:00,21.71,71.08,69.0,20.56
71.0,30.0,290.384,31.2,2018-12-08 18:00:00,17.23,63.02,60.5,15.83
71.0,30.0,288.383,35.7,2018-12-09 00:00:00,15.23,59.42,56.7,13.72
71.0,30.0,296.71368,22.2,2018-12-09 06:00:00,23.56,74.41,72.6,22.56
71.0,30.0,295.99448,23.3,2018-12-09 12:00:00,22.84,73.12,71.2,21.78
71.0,30.0,291.31555,29.1,2018-12-09 18:00:00,18.17,64.7,62.2,16.78
71.0,30.0,288.0881,36.5,2018-12-10 00:00:00,14.94,58.89,56.2,13.44
71.0,30.0,293.33395,32.1,2018-12-10 06:00:00,20.18,68.33,66.4,19.11
71.0,30.0,293.3463,33.3,2018-12-10 12:00:00,20.2,68.35,66.5,19.17
71.0,30.0,288.31558,49.0,2018-12-10 18:00:00,15.17,59.3,57.2,14.0
71.0,30.0,286.45087,62.8,2018-12-11 00:00:00,13.3,55.94,54.2,12.33
71.0,30.0,292.70847,39.9,2018-12-11 06:00:00,19.56,67.21,65.5,18.61
71.0,30.0,292.5189,37.5,2018-12-11 12:00:00,19.37,66.86,65.0,18.33
71.0,30.0,287.73596,52.4,2018-12-11 18:00:00,14.59,58.25,56.2,13.44
71.0,30.0,285.37442,58.2,2018-12-12 00:00:00,12.22,54.0,51.8,11.0
71.0,30.0,293.24326,35.3,2018-12-12 06:00:00,20.09,68.17,66.3,19.06
71.0,30.0,292.31766,28.4,2018-12-12 12:00:00,19.17,66.5,64.2,17.89
71.0,30.0,287.6291,39.2,2018-12-12 18:00:00,14.48,58.06,55.4,13.0
71.0,30.0,286.23544,38.8,2018-12-13 00:00:00,13.09,55.55,52.6,11.44
71.0,30.0,293.123,26.1,2018-12-13 06:00:00,19.97,67.95,65.7,18.72
71.0,30.0,292.32065,25.3,2018-12-13 12:00:00,19.17,66.51,64.1,17.83
71.0,30.0,287.47003,41.8,2018-12-13 18:00:00,14.32,57.78,55.2,12.89
71.0,30.0,285.16187,53.6,2018-12-14 00:00:00,12.01,53.62,51.2,10.67
71.0,30.0,293.3859,31.8,2018-12-14 06:00:00,20.24,68.42,66.5,19.17
71.0,30.0,292.17892,28.4,2018-12-14 12:00:00,19.03,66.25,63.9,17.72
71.0,30.0,287.47394,37.9,2018-12-14 18:00:00,14.32,57.78,55.0,12.78
71.0,30.0,285.4761,40.7,2018-12-15 00:00:00,12.33,54.19,51.2,10.67
71.0,30.0,293.71564,26.6,2018-12-15 06:00:00,20.57,69.02,66.9,19.39
71.0,30.0,292.34943,25.7,2018-12-15 12:00:00,19.2,66.56,64.1,17.83
71.0,30.0,287.74728,35.7,2018-12-15 18:00:00,14.6,58.28,55.5,13.06
71.0,30.0,285.6272,40.7,2018-12-16 00:00:00,12.48,54.46,51.5,10.83
71.0,30.0,294.46466,24.5,2018-12-16 06:00:00,21.31,70.37,68.3,20.17
71.0,30.0,292.8779,19.3,2018-12-16 12:00:00,19.73,67.51,64.9,18.28
71.0,30.0,288.1743,25.7,2018-12-16 18:00:00,15.02,59.04,55.9,13.28
71.0,30.0,285.9678,30.9,2018-12-17 00:00:00,12.82,55.07,51.7,10.94
71.0,30.0,295.59894,17.6,2018-12-17 06:00:00,22.45,72.41,70.2,21.22
71.0,30.0,293.25473,16.6,2018-12-17 12:00:00,20.1,68.19,65.5,18.61
71.0,30.0,288.44766,25.0,2018-12-17 18:00:00,15.3,59.54,56.4,13.56
71.0,30.0,286.25067,31.8,2018-12-18 00:00:00,13.1,55.58,52.3,11.28
71.0,30.0,295.76587,15.4,2018-12-18 06:00:00,22.62,72.71,70.4,21.33
71.0,30.0,295.04794,11.6,2018-12-18 12:00:00,21.9,71.42,68.8,20.44
71.0,30.0,288.5305,17.6,2018-12-18 18:00:00,15.38,59.68,56.2,13.44
71.0,30.0,285.1323,20.9,2018-12-19 00:00:00,11.98,53.57,49.6,9.78
71.0,30.0,293.7861,11.7,2018-12-19 06:00:00,20.64,69.14,66.3,19.06
71.0,30.0,294.17218,8.0,2018-12-19 12:00:00,21.02,69.84,66.9,19.39
71.0,30.0,288.0037,14.1,2018-12-19 18:00:00,14.85,58.74,55.0,12.78
71.0,30.0,284.80203,20.7,2018-12-20 00:00:00,11.65,52.97,48.9,9.39
71.0,30.0,294.7463,11.7,2018-12-20 06:00:00,21.6,70.87,68.2,20.11
71.0,30.0,293.5608,10.1,2018-12-20 12:00:00,20.41,68.74,65.8,18.78
71.0,30.0,287.86987,16.1,2018-12-20 18:00:00,14.72,58.5,54.8,12.67
71.0,30.0,285.2729,17.8,2018-12-21 00:00:00,12.12,53.82,49.7,9.83
71.0,30.0,294.69843,10.0,2018-12-21 06:00:00,21.55,70.79,68.0,20.0
71.0,30.0,292.9877,10.3,2018-12-21 12:00:00,19.84,67.71,64.7,18.17
71.0,30.0,286.85678,15.2,2018-12-21 18:00:00,13.71,56.67,52.8,11.56
71.0,30.0,284.7305,18.2,2018-12-22 00:00:00,11.58,52.84,48.7,9.28
71.0,30.0,293.6856,11.1,2018-12-22 06:00:00,20.54,68.96,66.1,18.94
71.0,30.0,291.48648,13.3,2018-12-22 12:00:00,18.34,65.01,61.8,16.56
71.0,30.0,286.33298,18.2,2018-12-22 18:00:00,13.18,55.73,51.9,11.06
71.0,30.0,285.0362,20.6,2018-12-23 00:00:00,11.89,53.4,49.4,9.67
71.0,30.0,293.19366,13.4,2018-12-23 06:00:00,20.04,68.08,65.2,18.44
71.0,30.0,292.17642,13.8,2018-12-23 12:00:00,19.03,66.25,63.2,17.33
71.0,30.0,285.97946,20.8,2018-12-23 18:00:00,12.83,55.09,51.3,10.72
71.0,30.0,283.52744,24.7,2018-12-24 00:00:00,10.38,50.68,46.6,8.11
71.0,30.0,293.01297,12.7,2018-12-24 06:00:00,19.86,67.75,64.8,18.22
71.0,30.0,291.77087,14.1,2018-12-24 12:00:00,18.62,65.52,62.4,16.89
71.0,30.0,286.0,20.2,2018-12-24 18:00:00,12.85,55.13,51.3,10.72
71.0,30.0,283.6546,24.0,2018-12-25 00:00:00,10.5,50.91,46.8,8.22
71.0,30.0,292.63367,15.1,2018-12-25 06:00:00,19.48,67.07,64.2,17.89
71.0,30.0,290.85437,16.1,2018-12-25 12:00:00,17.7,63.87,60.7,15.94
71.0,30.0,286.08377,21.1,2018-12-25 18:00:00,12.93,55.28,51.5,10.83
71.0,30.0,283.6424,24.2,2018-12-26 00:00:00,10.49,50.89,46.8,8.22
71.0,30.0,295.11758,10.0,2018-12-26 06:00:00,21.97,71.54,68.9,20.5
71.0,30.0,291.78,13.2,2018-12-26 12:00:00,18.63,65.53,62.4,16.89
71.0,30.0,285.88333,19.4,2018-12-26 18:00:00,12.73,54.92,51.0,10.56
71.0,30.0,284.05914,21.9,2018-12-27 00:00:00,10.91,51.64,47.5,8.61
71.0,30.0,293.11505,12.3,2018-12-27 06:00:00,19.97,67.94,65.0,18.33
71.0,30.0,292.0027,12.7,2018-12-27 12:00:00,18.85,65.93,62.8,17.11
71.0,30.0,284.77606,16.2,2018-12-27 18:00:00,11.63,52.93,48.7,9.28
71.0,30.0,283.73807,18.7,2018-12-28 00:00:00,10.59,51.06,46.7,8.17
71.0,30.0,294.0525,11.9,2018-12-28 06:00:00,20.9,69.62,66.8,19.33
71.0,30.0,293.00134,12.3,2018-12-28 12:00:00,19.85,67.73,64.8,18.22
71.0,30.0,285.97763,18.7,2018-12-28 18:00:00,12.83,55.09,51.2,10.67
71.0,30.0,283.68704,21.2,2018-12-29 00:00:00,10.54,50.97,46.8,8.22
71.0,30.0,292.50842,12.7,2018-12-29 06:00:00,19.36,66.85,63.8,17.67
71.0,30.0,292.1682,12.1,2018-12-29 12:00:00,19.02,66.23,63.1,17.28
71.0,30.0,287.76624,15.7,2018-12-29 18:00:00,14.62,58.31,54.6,12.56
71.0,30.0,285.01035,17.9,2018-12-30 00:00:00,11.86,53.35,49.2,9.56
71.0,30.0,293.66785,11.7,2018-12-30 06:00:00,20.52,68.93,66.1,18.94
71.0,30.0,293.3281,11.8,2018-12-30 12:00:00,20.18,68.32,65.4,18.56
71.0,30.0,286.68005,18.5,2018-12-30 18:00:00,13.53,56.35,52.6,11.44
71.0,30.0,284.8094,24.3,2018-12-31 00:00:00,11.66,52.99,49.1,9.5
71.0,30.0,293.3359,14.6,2018-12-31 06:00:00,20.19,68.33,65.5,18.61
71.0,30.0,293.20728,12.4,2018-12-31 12:00:00,20.06,68.1,65.2,18.44
71.0,30.0,287.3509,15.6,2018-12-31 18:00:00,14.2,57.56,53.7,12.06
