latitude,longitude,valid_time,t2m,rh,t2m_cel,t2m_fah,hi_fah,hi_cel
30.0,68.0,2021-01-01 00:00:00,279.52277,21.7,6.37,43.47,38.5,3.61
30.0,68.0,2021-01-01 06:00:00,287.76495,11.1,14.61,58.31,54.4,12.44
30.0,68.0,2021-01-01 12:00:00,287.23184,17.1,14.08,57.35,53.6,12.0
30.0,68.0,2021-01-01 18:00:00,282.3257,21.2,9.18,48.52,44.1,6.72
30.0,68.0,2021-01-02 00:00:00,280.00687,20.3,6.86,44.34,39.4,4.11
30.0,68.0,2021-01-02 06:00:00,288.5814,10.4,15.43,59.78,55.9,13.28
30.0,68.0,2021-01-02 12:00:00,287.7278,16.6,14.58,58.24,54.5,12.5
30.0,68.0,2021-01-02 18:00:00,282.25763,21.3,9.11,48.39,43.9,6.61
30.0,68.0,2021-01-03 00:00:00,280.056,18.8,6.91,44.43,39.5,4.17
30.0,68.0,2021-01-03 06:00:00,288.01724,11.3,14.87,58.76,54.9,12.72
30.0,68.0,2021-01-03 12:00:00,288.07413,16.1,14.92,58.86,55.2,12.89
30.0,68.0,2021-01-03 18:00:00,282.6056,26.2,9.46,49.02,44.9,7.17
30.0,68.0,2021-01-04 00:00:00,280.78085,30.5,7.63,45.74,41.4,5.22
30.0,68.0,2021-01-04 06:00:00,288.4609,20.3,15.31,59.56,56.2,13.44
30.0,68.0,2021-01-04 12:00:00,288.96713,22.8,15.82,60.47,57.3,14.06
30.0,68.0,2021-01-04 18:00:00,283.39325,38.5,10.24,50.44,47.0,8.33
30.0,68.0,2021-01-05 00:00:00,281.15115,51.2,8.0,46.4,43.1,6.17
30.0,68.0,2021-01-05 06:00:00,287.5148,32.8,14.36,57.86,54.9,12.72
30.0,68.0,2021-01-05 12:00:00,288.37817,28.3,15.23,59.41,56.4,13.56
30.0,68.0,2021-01-05 18:00:00,283.1749,40.2,10.02,50.04,46.6,8.11
30.0,68.0,2021-01-06 00:00:00,281.0824,39.0,7.93,46.28,42.4,5.78
30.0,68.0,2021-01-06 06:00:00,287.81573,19.8,14.67,58.4,54.9,12.72
30.0,68.0,2021-01-06 12:00:00,288.3667,22.8,15.22,59.39,56.1,13.39
30.0,68.0,2021-01-06 18:00:00,282.71103,33.1,9.56,49.21,45.4,7.44
30.0,68.0,2021-01-07 00:00:00,280.24774,36.1,7.1,44.78,40.7,4.83
30.0,68.0,2021-01-07 06:00:00,286.40167,21.2,13.25,55.85,52.1,11.17
30.0,68.0,2021-01-07 12:00:00,287.18762,14.5,14.04,57.27,53.4,11.89
30.0,68.0,2021-01-07 18:00:00,280.54898,25.7,7.4,45.32,40.8,4.89
30.0,68.0,2021-01-08 00:00:00,278.31448,25.5,5.16,41.3,36.3,2.39
30.0,68.0,2021-01-08 06:00:00,284.85892,12.6,11.71,53.08,48.7,9.28
30.0,68.0,2021-01-08 12:00:00,287.13153,16.4,13.98,57.17,53.4,11.89
30.0,68.0,2021-01-08 18:00:00,281.52924,27.6,8.38,47.08,42.8,6.0
30.0,68.0,2021-01-09 00:00:00,279.12393,25.5,5.97,42.75,37.9,3.28
30.0,68.0,2021-01-09 06:00:00,287.33026,13.3,14.18,57.52,53.6,12.0
30.0,68.0,2021-01-09 12:00:00,288.24393,15.6,15.09,59.17,55.5,13.06
30.0,68.0,2021-01-09 18:00:00,281.94684,22.5,8.8,47.83,43.4,6.33
30.0,68.0,2021-01-10 00:00:00,279.46536,17.6,6.32,43.37,38.2,3.44
30.0,68.0,2021-01-10 06:00:00,288.533,8.2,15.38,59.69,55.7,13.17
30.0,68.0,2021-01-10 12:00:00,288.26132,14.2,15.11,59.2,55.5,13.06
30.0,68.0,2021-01-10 18:00:00,282.18292,19.4,9.03,48.26,43.7,6.5
30.0,68.0,2021-01-11 00:00:00,279.76602,17.5,6.62,43.91,38.8,3.78
30.0,68.0,2021-01-11 06:00:00,289.5215,7.9,16.37,61.47,57.7,14.28
30.0,68.0,2021-01-11 12:00:00,288.75043,13.8,15.6,60.08,56.4,13.56
30.0,68.0,2021-01-11 18:00:00,282.60645,17.9,9.46,49.02,44.5,6.94
30.0,68.0,2021-01-12 00:00:00,280.51544,14.1,7.37,45.26,40.1,4.5
30.0,68.0,2021-01-12 06:00:00,291.0678,6.2,17.92,64.25,60.7,15.94
30.0,68.0,2021-01-12 12:00:00,290.09247,12.1,16.94,62.5,59.0,15.0
30.0,68.0,2021-01-12 18:00:00,284.0071,13.4,10.86,51.54,47.0,8.33
30.0,68.0,2021-01-13 00:00:00,281.86676,10.1,8.72,47.69,42.6,5.89
30.0,68.0,2021-01-13 06:00:00,292.21838,5.2,19.07,66.32,62.9,17.17
30.0,68.0,2021-01-13 12:00:00,291.01782,12.1,17.87,64.16,60.8,16.0
30.0,68.0,2021-01-13 18:00:00,284.4535,15.3,11.3,52.35,48.0,8.89
30.0,68.0,2021-01-14 00:00:00,282.45844,12.4,9.31,48.76,43.9,6.61
30.0,68.0,2021-01-14 06:00:00,292.07898,6.6,18.93,66.07,62.7,17.06
30.0,68.0,2021-01-14 12:00:00,291.55417,10.9,18.4,65.13,61.9,16.61
30.0,68.0,2021-01-14 18:00:00,284.2353,16.5,11.09,51.95,47.6,8.67
30.0,68.0,2021-01-15 00:00:00,281.7974,13.3,8.65,47.57,42.7,5.94
30.0,68.0,2021-01-15 06:00:00,290.7733,7.0,17.62,63.72,60.1,15.61
30.0,68.0,2021-01-15 12:00:00,290.79645,11.8,17.65,63.76,60.4,15.78
30.0,68.0,2021-01-15 18:00:00,284.55222,16.8,11.4,52.52,48.3,9.06
30.0,68.0,2021-01-16 00:00:00,282.43503,16.3,9.29,48.71,44.0,6.67
30.0,68.0,2021-01-16 06:00:00,291.26514,8.8,18.12,64.61,61.2,16.22
30.0,68.0,2021-01-16 12:00:00,291.3922,12.1,18.24,64.84,61.6,16.44
30.0,68.0,2021-01-16 18:00:00,284.62857,19.5,11.48,52.66,48.5,9.17
30.0,68.0,2021-01-17 00:00:00,282.09058,20.5,8.94,48.09,43.6,6.44
30.0,68.0,2021-01-17 06:00:00,291.2516,10.7,18.1,64.58,61.2,16.22
30.0,68.0,2021-01-17 12:00:00,291.53516,12.6,18.39,65.09,61.9,16.61
30.0,68.0,2021-01-17 18:00:00,284.27652,21.7,11.13,52.03,48.0,8.89
30.0,68.0,2021-01-18 00:00:00,282.38614,20.4,9.24,48.63,44.2,6.78
30.0,68.0,2021-01-18 06:00:00,289.86575,13.2,16.72,62.09,58.6,14.78
30.0,68.0,2021-01-18 12:00:00,290.09576,15.4,16.95,62.5,59.2,15.11
30.0,68.0,2021-01-18 18:00:00,283.80038,26.8,10.65,51.17,47.2,8.44
30.0,68.0,2021-01-19 00:00:00,281.54138,29.3,8.39,47.1,42.9,6.06
30.0,68.0,2021-01-19 06:00:00,288.47583,17.2,15.33,59.59,56.1,13.39
30.0,68.0,2021-01-19 12:00:00,290.14722,17.2,17.0,62.59,59.4,15.22
30.0,68.0,2021-01-19 18:00:00,284.55847,29.0,11.41,52.54,48.9,9.39
30.0,68.0,2021-01-20 00:00:00,283.27032,33.9,10.12,50.22,46.5,8.06
30.0,68.0,2021-01-20 06:00:00,292.67587,21.0,19.53,67.15,64.6,18.11
30.0,68.0,2021-01-20 12:00:00,293.796,22.2,20.65,69.16,66.8,19.33
30.0,68.0,2021-01-20 18:00:00,286.74835,35.9,13.6,56.48,53.5,11.94
30.0,68.0,2021-01-21 00:00:00,284.33694,41.9,11.19,52.14,49.0,9.44
30.0,68.0,2021-01-21 06:00:00,292.0799,25.1,18.93,66.07,63.6,17.56
30.0,68.0,2021-01-21 12:00:00,292.7186,23.3,19.57,67.22,64.7,18.17
30.0,68.0,2021-01-21 18:00:00,286.6955,36.4,13.55,56.38,53.4,11.89
30.0,68.0,2021-01-22 00:00:00,284.86804,34.3,11.72,53.09,49.7,9.83
30.0,68.0,2021-01-22 06:00:00,293.2002,23.1,20.05,68.09,65.7,18.72
30.0,68.0,2021-01-22 12:00:00,293.75024,18.4,20.6,69.08,66.6,19.22
30.0,68.0,2021-01-22 18:00:00,285.44943,17.3,12.3,54.14,50.1,10.06
30.0,68.0,2021-01-23 00:00:00,282.10266,12.1,8.95,48.11,43.2,6.22
30.0,68.0,2021-01-23 06:00:00,288.1993,7.0,15.05,59.09,55.0,12.78
30.0,68.0,2021-01-23 12:00:00,290.7648,6.4,17.61,63.71,60.1,15.61
30.0,68.0,2021-01-23 18:00:00,282.89053,13.1,9.74,49.53,44.8,7.11
30.0,68.0,2021-01-24 00:00:00,279.58423,12.3,6.43,43.58,38.2,3.44
30.0,68.0,2021-01-24 06:00:00,287.4503,7.9,14.3,57.74,53.6,12.0
30.0,68.0,2021-01-24 12:00:00,288.87854,8.7,15.73,60.31,56.4,13.56
30.0,68.0,2021-01-24 18:00:00,281.56393,17.2,8.41,47.15,42.4,5.78
30.0,68.0,2021-01-25 00:00:00,279.2347,17.7,6.08,42.95,37.8,3.22
30.0,68.0,2021-01-25 06:00:00,288.03955,9.2,14.89,58.8,54.8,12.67
30.0,68.0,2021-01-25 12:00:00,288.9459,8.6,15.8,60.43,56.6,13.67
30.0,68.0,2021-01-25 18:00:00,281.74286,16.5,8.59,47.47,42.7,5.94
30.0,68.0,2021-01-26 00:00:00,279.1617,16.7,6.01,42.82,37.6,3.11
30.0,68.0,2021-01-26 06:00:00,288.46985,8.8,15.32,59.58,55.7,13.17
30.0,68.0,2021-01-26 12:00:00,289.46295,8.2,16.31,61.36,57.6,14.22
30.0,68.0,2021-01-26 18:00:00,282.05844,16.6,8.91,48.04,43.3,6.28
30.0,68.0,2021-01-27 00:00:00,279.73517,16.8,6.59,43.85,38.7,3.72
30.0,68.0,2021-01-27 06:00:00,288.41486,9.6,15.26,59.48,55.6,13.11
30.0,68.0,2021-01-27 12:00:00,289.2701,9.2,16.12,61.02,57.3,14.06
30.0,68.0,2021-01-27 18:00:00,281.92834,18.9,8.78,47.8,43.2,6.22
30.0,68.0,2021-01-28 00:00:00,279.5813,16.8,6.43,43.58,38.4,3.56
30.0,68.0,2021-01-28 06:00:00,288.71188,8.4,15.56,60.01,56.1,13.39
30.0,68.0,2021-01-28 12:00:00,290.37515,8.3,17.23,63.01,59.4,15.22
30.0,68.0,2021-01-28 18:00:00,282.69202,15.9,9.54,49.18,44.5,6.94
30.0,68.0,2021-01-29 00:00:00,280.5037,15.7,7.35,45.24,40.2,4.56
30.0,68.0,2021-01-29 06:00:00,289.68433,8.0,16.53,61.76,58.0,14.44
30.0,68.0,2021-01-29 12:00:00,291.06113,7.8,17.91,64.24,60.7,15.94
30.0,68.0,2021-01-29 18:00:00,283.09512,16.7,9.95,49.9,45.4,7.44
30.0,68.0,2021-01-30 00:00:00,280.99625,17.1,7.85,46.12,41.2,5.11
30.0,68.0,2021-01-30 06:00:00,289.33487,9.3,16.18,61.13,57.4,14.11
30.0,68.0,2021-01-30 12:00:00,290.97522,9.4,17.83,64.09,60.6,15.89
30.0,68.0,2021-01-30 18:00:00,284.30103,18.6,11.15,52.07,47.9,8.83
30.0,68.0,2021-01-31 00:00:00,282.80566,18.3,9.66,49.38,44.9,7.17
30.0,68.0,2021-01-31 06:00:00,291.05154,9.8,17.9,64.22,60.8,16.0
30.0,68.0,2021-01-31 12:00:00,292.39145,12.6,19.24,66.63,63.6,17.56
30.0,68.0,2021-01-31 18:00:00,285.83246,22.4,12.68,54.83,51.1,10.61
30.0,68.0,2021-02-01 00:00:00,284.15146,24.5,11.0,51.8,47.8,8.78
30.0,68.0,2021-02-01 06:00:00,292.49908,15.5,19.35,66.83,63.9,17.72
30.0,68.0,2021-02-01 12:00:00,292.7337,15.4,19.58,67.25,64.4,18.0
30.0,68.0,2021-02-01 18:00:00,286.0341,25.0,12.88,55.19,51.6,10.89
30.0,68.0,2021-02-02 00:00:00,283.56638,28.1,10.42,50.75,46.8,8.22
30.0,68.0,2021-02-02 06:00:00,291.40796,17.0,18.26,64.86,61.8,16.56
30.0,68.0,2021-02-02 12:00:00,292.5592,17.2,19.41,66.94,64.1,17.83
30.0,68.0,2021-02-02 18:00:00,285.8793,28.2,12.73,54.91,51.4,10.78
30.0,68.0,2021-02-03 00:00:00,282.97644,27.5,9.83,49.69,45.7,7.61
30.0,68.0,2021-02-03 06:00:00,290.5098,18.2,17.36,63.25,60.1,15.61
30.0,68.0,2021-02-03 12:00:00,291.71356,12.6,18.56,65.41,62.2,16.78
30.0,68.0,2021-02-03 18:00:00,285.90588,31.5,12.76,54.96,51.6,10.89
30.0,68.0,2021-02-04 00:00:00,282.8053,35.7,9.66,49.38,45.7,7.61
30.0,68.0,2021-02-04 06:00:00,290.1861,19.0,17.04,62.66,59.5,15.28
30.0,68.0,2021-02-04 12:00:00,291.8443,15.9,18.69,65.65,62.7,17.06
30.0,68.0,2021-02-04 18:00:00,284.84247,27.0,11.69,53.05,49.3,9.61
30.0,68.0,2021-02-05 00:00:00,282.19968,24.4,9.05,48.29,44.0,6.67
30.0,68.0,2021-02-05 06:00:00,289.88782,14.3,16.74,62.13,58.7,14.83
30.0,68.0,2021-02-05 12:00:00,291.69357,11.4,18.54,65.38,62.2,16.78
30.0,68.0,2021-02-05 18:00:00,284.3013,22.3,11.15,52.07,48.0,8.89
30.0,68.0,2021-02-06 00:00:00,281.77594,23.6,8.63,47.53,43.1,6.17
30.0,68.0,2021-02-06 06:00:00,290.39758,14.6,17.25,63.05,59.7,15.39
30.0,68.0,2021-02-06 12:00:00,292.12433,14.3,18.97,66.15,63.1,17.28
30.0,68.0,2021-02-06 18:00:00,285.62616,27.2,12.48,54.46,50.9,10.5
30.0,68.0,2021-02-07 00:00:00,283.5329,26.8,10.38,50.69,46.7,8.17
30.0,68.0,2021-02-07 06:00:00,291.9072,15.4,18.76,65.76,62.8,17.11
30.0,68.0,2021-02-07 12:00:00,294.2899,14.2,21.14,70.05,67.4,19.67
30.0,68.0,2021-02-07 18:00:00,286.48483,27.1,13.33,56.0,52.6,11.44
30.0,68.0,2021-02-08 00:00:00,283.96008,29.0,10.81,51.46,47.7,8.72
30.0,68.0,2021-02-08 06:00:00,293.3954,14.6,20.25,68.44,65.7,18.72
30.0,68.0,2021-02-08 12:00:00,295.22296,13.2,22.07,71.73,69.2,20.67
30.0,68.0,2021-02-08 18:00:00,287.43,25.2,14.28,57.7,54.4,12.44
30.0,68.0,2021-02-09 00:00:00,285.43768,21.8,12.29,54.12,50.3,10.17
30.0,68.0,2021-02-09 06:00:00,295.20325,12.3,22.05,71.7,69.1,20.61
30.0,68.0,2021-02-09 12:00:00,297.74054,10.2,24.59,76.26,74.1,23.39
30.0,68.0,2021-02-09 18:00:00,289.76837,21.9,16.62,61.91,58.8,14.89
30.0,68.0,2021-02-10 00:00:00,285.64,16.6,12.49,54.48,50.4,10.22
30.0,68.0,2021-02-10 06:00:00,294.81235,9.6,21.66,70.99,68.2,20.11
30.0,68.0,2021-02-10 12:00:00,296.91458,7.7,23.76,74.78,72.3,22.39
30.0,68.0,2021-02-10 18:00:00,288.00446,18.8,14.85,58.74,55.2,12.89
30.0,68.0,2021-02-11 00:00:00,285.19006,19.4,12.04,53.67,49.6,9.78
30.0,68.0,2021-02-11 06:00:00,295.01837,10.2,21.87,71.36,68.7,20.39
30.0,68.0,2021-02-11 12:00:00,296.84805,9.6,23.7,74.66,72.3,22.39
30.0,68.0,2021-02-11 18:00:00,288.85477,18.9,15.7,60.27,56.9,13.83
30.0,68.0,2021-02-12 00:00:00,286.4327,19.4,13.28,55.91,52.1,11.17
30.0,68.0,2021-02-12 06:00:00,294.6746,12.2,21.52,70.74,68.1,20.06
30.0,68.0,2021-02-12 12:00:00,295.31628,13.4,22.17,71.9,69.4,20.78
30.0,68.0,2021-02-12 18:00:00,288.8912,23.2,15.74,60.33,57.2,14.0
30.0,68.0,2021-02-13 00:00:00,286.799,22.6,13.65,56.57,53.0,11.67
30.0,68.0,2021-02-13 06:00:00,295.1217,13.8,21.97,71.55,69.1,20.61
30.0,68.0,2021-02-13 12:00:00,296.34464,13.3,23.19,73.75,71.5,21.94
30.0,68.0,2021-02-13 18:00:00,288.4788,24.9,15.33,59.59,56.4,13.56
30.0,68.0,2021-02-14 00:00:00,285.5577,26.1,12.41,54.33,50.7,10.39
30.0,68.0,2021-02-14 06:00:00,295.5512,12.8,22.4,72.32,69.9,21.06
30.0,68.0,2021-02-14 12:00:00,296.91077,12.6,23.76,74.77,72.5,22.5
30.0,68.0,2021-02-14 18:00:00,288.8248,25.3,15.67,60.21,57.1,13.94
30.0,68.0,2021-02-15 00:00:00,286.09,22.4,12.94,55.29,51.6,10.89
30.0,68.0,2021-02-15 06:00:00,295.04492,11.4,21.89,71.41,68.8,20.44
30.0,68.0,2021-02-15 12:00:00,296.75443,8.2,23.6,74.49,72.0,22.22
30.0,68.0,2021-02-15 18:00:00,288.72968,15.9,15.58,60.04,56.5,13.61
30.0,68.0,2021-02-16 00:00:00,286.1816,12.5,13.03,55.46,51.3,10.72
30.0,68.0,2021-02-16 06:00:00,295.25528,7.1,22.11,71.79,69.0,20.56
30.0,68.0,2021-02-16 12:00:00,296.79608,6.5,23.65,74.56,72.0,22.22
30.0,68.0,2021-02-16 18:00:00,288.44778,11.6,15.3,59.54,55.7,13.17
30.0,68.0,2021-02-17 00:00:00,285.08353,12.0,11.93,53.48,49.1,9.5
30.0,68.0,2021-02-17 06:00:00,295.62152,5.9,22.47,72.45,69.7,20.94
30.0,68.0,2021-02-17 12:00:00,296.86337,5.9,23.71,74.68,72.1,22.28
30.0,68.0,2021-02-17 18:00:00,287.86533,12.7,14.72,58.49,54.6,12.56
30.0,68.0,2021-02-18 00:00:00,285.25955,12.4,12.11,53.8,49.5,9.72
30.0,68.0,2021-02-18 06:00:00,295.49445,7.3,22.34,72.22,69.5,20.83
30.0,68.0,2021-02-18 12:00:00,296.96176,7.9,23.81,74.86,72.4,22.44
30.0,68.0,2021-02-18 18:00:00,288.8712,15.9,15.72,60.3,56.8,13.78
30.0,68.0,2021-02-19 00:00:00,286.50275,16.8,13.35,56.03,52.1,11.17
30.0,68.0,2021-02-19 06:00:00,295.21008,10.9,22.06,71.71,69.1,20.61
30.0,68.0,2021-02-19 12:00:00,296.13458,11.3,22.98,73.37,70.9,21.61
30.0,68.0,2021-02-19 18:00:00,288.89706,20.5,15.75,60.34,57.0,13.89
30.0,68.0,2021-02-20 00:00:00,286.92062,22.0,13.77,56.79,53.2,11.78
30.0,68.0,2021-02-20 06:00:00,295.80554,12.5,22.66,72.78,70.3,21.28
30.0,68.0,2021-02-20 12:00:00,297.34357,12.1,24.19,75.55,73.4,23.0
30.0,68.0,2021-02-20 18:00:00,290.19736,21.0,17.05,62.69,59.6,15.33
30.0,68.0,2021-02-21 00:00:00,288.19788,23.1,15.05,59.09,55.8,13.22
30.0,68.0,2021-02-21 06:00:00,296.44016,13.8,23.29,73.92,71.7,22.06
30.0,68.0,2021-02-21 12:00:00,298.00946,13.2,24.86,76.75,74.7,23.72
30.0,68.0,2021-02-21 18:00:00,290.47458,22.5,17.32,63.18,60.3,15.72
30.0,68.0,2021-02-22 00:00:00,288.0541,24.4,14.9,58.83,55.6,13.11
30.0,68.0,2021-02-22 06:00:00,297.18283,13.2,24.03,75.26,73.1,22.83
30.0,68.0,2021-02-22 12:00:00,299.10464,12.8,25.95,78.72,76.9,24.94
30.0,68.0,2021-02-22 18:00:00,291.7163,19.7,18.57,65.42,62.6,17.0
30.0,68.0,2021-02-23 00:00:00,289.5726,31.2,16.42,61.56,58.9,14.94
30.0,68.0,2021-02-23 06:00:00,297.13864,23.9,23.99,75.18,73.5,23.06
30.0,68.0,2021-02-23 12:00:00,300.3025,13.3,27.15,80.87,79.3,26.28
30.0,68.0,2021-02-23 18:00:00,292.2483,32.9,19.1,66.38,64.3,17.94
30.0,68.0,2021-02-24 00:00:00,289.78253,36.1,16.63,61.94,59.5,15.28
30.0,68.0,2021-02-24 06:00:00,298.21655,21.0,25.07,77.12,75.5,24.17
30.0,68.0,2021-02-24 12:00:00,299.57996,16.0,26.43,79.57,78.0,25.56
30.0,68.0,2021-02-24 18:00:00,292.36188,26.9,19.21,66.58,64.2,17.89
30.0,68.0,2021-02-25 00:00:00,289.3836,31.1,16.23,61.22,58.5,14.72
30.0,68.0,2021-02-25 06:00:00,297.92163,18.1,24.77,76.59,74.8,23.78
30.0,68.0,2021-02-25 12:00:00,299.2362,15.4,26.09,78.96,77.3,25.17
30.0,68.0,2021-02-25 18:00:00,291.87808,26.6,18.73,65.71,63.2,17.33
30.0,68.0,2021-02-26 00:00:00,292.74832,24.6,19.6,67.28,64.9,18.28
30.0,68.0,2021-02-26 06:00:00,296.38837,24.8,23.24,73.83,72.1,22.28
30.0,68.0,2021-02-26 12:00:00,297.10138,19.8,23.95,75.11,73.3,22.94
30.0,68.0,2021-02-26 18:00:00,288.6672,36.7,15.52,59.93,57.3,14.06
30.0,68.0,2021-02-27 00:00:00,284.7871,31.8,11.64,52.95,49.4,9.67
30.0,68.0,2021-02-27 06:00:00,291.9292,16.0,18.78,65.8,62.8,17.11
30.0,68.0,2021-02-27 12:00:00,294.4666,10.6,21.32,70.37,67.6,19.78
30.0,68.0,2021-02-27 18:00:00,287.0502,19.7,13.9,57.02,53.3,11.83
30.0,68.0,2021-02-28 00:00:00,283.44888,13.5,10.3,50.54,45.9,7.72
30.0,68.0,2021-02-28 06:00:00,293.3071,8.2,20.16,68.28,65.2,18.44
30.0,68.0,2021-02-28 12:00:00,294.9971,7.6,21.85,71.32,68.5,20.28
30.0,68.0,2021-02-28 18:00:00,287.09216,14.3,13.94,57.1,53.2,11.78
30.0,68.0,2021-03-01 00:00:00,285.41226,16.9,12.26,54.07,50.0,10.0
30.0,68.0,2021-03-01 06:00:00,294.7447,10.6,21.59,70.87,68.2,20.11
30.0,68.0,2021-03-01 12:00:00,296.677,8.3,23.53,74.35,71.9,22.17
30.0,68.0,2021-03-01 18:00:00,288.0329,17.4,14.88,58.79,55.2,12.89
30.0,68.0,2021-03-02 00:00:00,285.53384,19.2,12.38,54.29,50.3,10.17
30.0,68.0,2021-03-02 06:00:00,295.54172,10.6,22.39,72.31,69.7,20.94
30.0,68.0,2021-03-02 12:00:00,297.86697,8.9,24.72,76.49,74.3,23.5
30.0,68.0,2021-03-02 18:00:00,289.26352,16.9,16.11,61.0,57.6,14.22
30.0,68.0,2021-03-03 00:00:00,287.41434,18.1,14.26,57.68,54.0,12.22
30.0,68.0,2021-03-03 06:00:00,297.89618,12.2,24.75,76.54,74.5,23.61
30.0,68.0,2021-03-03 12:00:00,300.6993,12.6,27.55,81.59,79.3,26.28
30.0,68.0,2021-03-03 18:00:00,291.984,23.9,18.83,65.9,63.3,17.39
30.0,68.0,2021-03-04 00:00:00,288.96927,25.9,15.82,60.47,57.4,14.11
30.0,68.0,2021-03-04 06:00:00,298.23337,11.9,25.08,77.15,75.1,23.94
30.0,68.0,2021-03-04 12:00:00,301.2651,10.5,28.12,82.61,79.7,26.5
30.0,68.0,2021-03-04 18:00:00,292.8731,17.6,19.72,67.5,64.8,18.22
30.0,68.0,2021-03-05 00:00:00,290.10184,19.1,16.95,62.51,59.4,15.22
30.0,68.0,2021-03-05 06:00:00,299.49277,10.2,26.34,79.42,77.5,25.28
30.0,68.0,2021-03-05 12:00:00,301.42697,9.1,28.28,82.9,79.7,26.5
30.0,68.0,2021-03-05 18:00:00,292.7255,19.0,19.58,67.24,64.6,18.11
30.0,68.0,2021-03-06 00:00:00,290.65372,23.3,17.5,63.51,60.7,15.94
30.0,68.0,2021-03-06 06:00:00,299.86328,13.5,26.71,80.08,78.4,25.78
30.0,68.0,2021-03-06 12:00:00,302.32437,12.5,29.17,84.51,81.4,27.44
30.0,68.0,2021-03-06 18:00:00,294.35342,18.5,21.2,70.17,67.8,19.89
30.0,68.0,2021-03-07 00:00:00,290.40643,15.7,17.26,63.06,59.8,15.44
30.0,68.0,2021-03-07 06:00:00,299.52527,6.9,26.38,79.48,77.5,25.28
30.0,68.0,2021-03-07 12:00:00,301.12994,8.2,27.98,82.36,79.2,26.22
30.0,68.0,2021-03-07 18:00:00,292.2339,16.3,19.08,66.35,63.5,17.5
30.0,68.0,2021-03-08 00:00:00,288.44012,11.3,15.29,59.52,55.7,13.17
30.0,68.0,2021-03-08 06:00:00,297.36978,6.6,24.22,75.6,73.2,22.89
30.0,68.0,2021-03-08 12:00:00,299.83566,4.3,26.69,80.03,77.9,25.5
30.0,68.0,2021-03-08 18:00:00,290.848,11.9,17.7,63.86,60.5,15.83
30.0,68.0,2021-03-09 00:00:00,288.48218,15.3,15.33,59.6,56.0,13.33
30.0,68.0,2021-03-09 06:00:00,298.07803,13.5,24.93,76.87,74.9,23.83
30.0,68.0,2021-03-09 12:00:00,298.88547,19.3,25.74,78.32,76.8,24.89
30.0,68.0,2021-03-09 18:00:00,292.2859,34.5,19.14,66.44,64.4,18.0
30.0,68.0,2021-03-10 00:00:00,289.21936,40.7,16.07,60.92,58.6,14.78
30.0,68.0,2021-03-10 06:00:00,298.43686,21.8,25.29,77.52,76.0,24.44
30.0,68.0,2021-03-10 12:00:00,300.25723,14.9,27.11,80.79,79.3,26.28
30.0,68.0,2021-03-10 18:00:00,292.73685,26.0,19.59,67.26,64.9,18.28
30.0,68.0,2021-03-11 00:00:00,289.1858,31.3,16.04,60.86,58.1,14.5
30.0,68.0,2021-03-11 06:00:00,299.1669,15.9,26.02,78.83,77.2,25.11
30.0,68.0,2021-03-11 12:00:00,300.2,13.0,27.05,80.69,79.1,26.17
30.0,68.0,2021-03-11 18:00:00,291.95374,22.6,18.8,65.85,63.2,17.33
30.0,68.0,2021-03-12 00:00:00,289.41904,28.1,16.27,61.28,58.4,14.67
30.0,68.0,2021-03-12 06:00:00,296.516,26.0,23.37,74.06,72.4,22.44
30.0,68.0,2021-03-12 12:00:00,297.82193,26.2,24.67,76.41,75.0,23.89
30.0,68.0,2021-03-12 18:00:00,292.17776,40.9,19.03,66.25,64.5,18.06
30.0,68.0,2021-03-13 00:00:00,290.4978,44.4,17.35,63.23,61.3,16.28
30.0,68.0,2021-03-13 06:00:00,296.14304,36.8,22.99,73.39,72.2,22.33
30.0,68.0,2021-03-13 12:00:00,297.8,32.9,24.65,76.37,75.3,24.06
30.0,68.0,2021-03-13 18:00:00,292.1334,48.0,18.98,66.17,64.7,18.17
30.0,68.0,2021-03-14 00:00:00,289.1066,57.4,15.96,60.72,59.2,15.11
30.0,68.0,2021-03-14 06:00:00,296.671,32.8,23.52,74.34,73.0,22.78
30.0,68.0,2021-03-14 12:00:00,299.57553,24.3,26.43,79.57,78.4,25.78
30.0,68.0,2021-03-14 18:00:00,293.3497,37.6,20.2,68.36,66.7,19.28
30.0,68.0,2021-03-15 00:00:00,290.06262,44.2,16.91,62.44,60.5,15.83
30.0,68.0,2021-03-15 06:00:00,299.67383,20.3,26.52,79.74,78.4,25.78
30.0,68.0,2021-03-15 12:00:00,300.7,18.7,27.55,81.59,79.5,26.39
30.0,68.0,2021-03-15 18:00:00,293.7042,32.6,20.55,69.0,67.1,19.5
30.0,68.0,2021-03-16 00:00:00,290.83276,43.2,17.68,63.83,61.9,16.61
30.0,68.0,2021-03-16 06:00:00,299.63974,23.0,26.49,79.68,78.4,25.78
30.0,68.0,2021-03-16 12:00:00,301.2575,14.6,28.11,82.59,80.1,26.72
30.0,68.0,2021-03-16 18:00:00,293.28552,25.6,20.14,68.24,66.0,18.89
30.0,68.0,2021-03-17 00:00:00,290.39987,25.9,17.25,63.05,60.3,15.72
30.0,68.0,2021-03-17 06:00:00,300.65186,13.3,27.5,81.5,80.0,26.67
30.0,68.0,2021-03-17 12:00:00,302.7,9.3,29.55,85.19,81.4,27.44
30.0,68.0,2021-03-17 18:00:00,293.62195,18.0,20.47,68.85,66.3,19.06
30.0,68.0,2021-03-18 00:00:00,291.2293,19.5,18.08,64.54,61.6,16.44
30.0,68.0,2021-03-18 06:00:00,300.5683,11.4,27.42,81.35,79.7,26.5
30.0,68.0,2021-03-18 12:00:00,302.19257,9.1,29.04,84.28,80.7,27.06
30.0,68.0,2021-03-18 18:00:00,293.58484,18.7,20.43,68.78,66.2,19.0
30.0,68.0,2021-03-19 00:00:00,290.40607,23.8,17.26,63.06,60.2,15.67
30.0,68.0,2021-03-19 06:00:00,300.33893,21.5,27.19,80.94,79.7,26.5
30.0,68.0,2021-03-19 12:00:00,301.9,17.1,28.75,83.75,81.0,27.22
30.0,68.0,2021-03-19 18:00:00,293.97552,30.7,20.83,69.49,67.6,19.78
30.0,68.0,2021-03-20 00:00:00,291.474,35.7,18.32,64.98,62.9,17.17
30.0,68.0,2021-03-20 06:00:00,300.29407,20.5,27.14,80.86,79.6,26.44
30.0,68.0,2021-03-20 12:00:00,298.80002,24.0,25.65,78.17,76.8,24.89
30.0,68.0,2021-03-20 18:00:00,293.61163,38.8,20.46,68.83,67.2,19.56
30.0,68.0,2021-03-21 00:00:00,291.364,42.0,18.21,64.79,62.9,17.17
30.0,68.0,2021-03-21 06:00:00,299.38,25.1,26.23,79.21,78.0,25.56
30.0,68.0,2021-03-21 12:00:00,301.0823,21.3,27.93,82.28,80.1,26.72
30.0,68.0,2021-03-21 18:00:00,293.64355,42.4,20.49,68.89,67.5,19.72
30.0,68.0,2021-03-22 00:00:00,291.13437,54.9,17.98,64.37,63.1,17.28
30.0,68.0,2021-03-22 06:00:00,295.32202,42.5,22.17,71.91,70.8,21.56
30.0,68.0,2021-03-22 12:00:00,292.42938,55.1,19.28,66.7,65.7,18.72
30.0,68.0,2021-03-22 18:00:00,290.20016,56.1,17.05,62.69,61.3,16.28
30.0,68.0,2021-03-23 00:00:00,287.71582,65.8,14.57,58.22,56.8,13.78
30.0,68.0,2021-03-23 06:00:00,292.82697,40.1,19.68,67.42,65.7,18.72
30.0,68.0,2021-03-23 12:00:00,297.0401,20.9,23.89,75.0,73.2,22.89
30.0,68.0,2021-03-23 18:00:00,293.19086,32.2,20.04,68.07,66.1,18.94
30.0,68.0,2021-03-24 00:00:00,290.90607,27.1,17.76,63.96,61.3,16.28
30.0,68.0,2021-03-24 06:00:00,296.16107,23.6,23.01,73.42,71.6,22.0
30.0,68.0,2021-03-24 12:00:00,296.45505,26.8,23.31,73.95,72.3,22.39
30.0,68.0,2021-03-24 18:00:00,293.13678,41.6,19.99,67.98,66.4,19.11
30.0,68.0,2021-03-25 00:00:00,290.9662,44.3,17.82,64.07,62.3,16.83
30.0,68.0,2021-03-25 06:00:00,296.37042,31.0,23.22,73.8,72.3,22.39
30.0,68.0,2021-03-25 12:00:00,299.70453,24.3,26.55,79.8,78.6,25.89
30.0,68.0,2021-03-25 18:00:00,295.69507,38.3,22.55,72.58,71.3,21.83
30.0,68.0,2021-03-26 00:00:00,293.0928,42.1,19.94,67.9,66.4,19.11
30.0,68.0,2021-03-26 06:00:00,299.83658,25.6,26.69,80.04,78.9,26.06
30.0,68.0,2021-03-26 12:00:00,303.48007,17.6,30.33,86.59,83.2,28.44
30.0,68.0,2021-03-26 18:00:00,297.94403,29.7,24.79,76.63,75.4,24.11
30.0,68.0,2021-03-27 00:00:00,295.6338,26.5,22.48,72.47,70.7,21.5
30.0,68.0,2021-03-27 06:00:00,303.63226,14.4,30.48,86.87,83.3,28.5
30.0,68.0,2021-03-27 12:00:00,307.08212,10.1,33.93,93.08,87.8,31.0
30.0,68.0,2021-03-27 18:00:00,300.76077,18.2,27.61,81.7,79.6,26.44
30.0,68.0,2021-03-28 00:00:00,297.0181,22.4,23.87,74.96,73.2,22.89
30.0,68.0,2021-03-28 06:00:00,304.12216,13.2,30.97,87.75,84.0,28.89
30.0,68.0,2021-03-28 12:00:00,306.3116,12.3,33.16,91.69,87.2,30.67
30.0,68.0,2021-03-28 18:00:00,300.35422,21.2,27.2,80.97,79.8,26.56
30.0,68.0,2021-03-29 00:00:00,298.02283,17.2,24.87,76.77,75.0,23.89
30.0,68.0,2021-03-29 06:00:00,305.21295,6.5,32.06,89.71,84.4,29.11
30.0,68.0,2021-03-29 12:00:00,304.6,8.7,31.45,88.61,84.0,28.89
30.0,68.0,2021-03-29 18:00:00,297.48148,15.0,24.33,75.8,73.8,23.22
30.0,68.0,2021-03-30 00:00:00,293.59982,13.8,20.45,68.81,66.0,18.89
30.0,68.0,2021-03-30 06:00:00,301.35977,5.2,28.21,82.78,79.2,26.22
30.0,68.0,2021-03-30 12:00:00,302.36945,5.8,29.22,84.6,80.6,27.0
30.0,68.0,2021-03-30 18:00:00,294.4583,11.3,21.31,70.35,67.6,19.78
30.0,68.0,2021-03-31 00:00:00,291.15155,10.0,18.0,64.4,61.0,16.11
30.0,68.0,2021-03-31 06:00:00,300.33072,5.2,27.18,80.93,79.0,26.11
30.0,68.0,2021-03-31 12:00:00,304.3196,3.3,31.17,88.11,82.9,28.28
30.0,68.0,2021-03-31 18:00:00,295.67377,10.3,22.52,72.54,70.0,21.11
30.0,68.0,2021-04-01 00:00:00,292.7349,10.7,19.58,67.25,64.2,17.89
30.0,68.0,2021-04-01 06:00:00,301.60004,5.7,28.45,83.21,79.6,26.44
30.0,68.0,2021-04-01 12:00:00,304.93353,6.2,31.78,89.21,84.0,28.89
30.0,68.0,2021-04-01 18:00:00,297.27246,11.4,24.12,75.42,73.2,22.89
30.0,68.0,2021-04-02 00:00:00,294.1147,17.0,20.96,69.74,67.2,19.56
30.0,68.0,2021-04-02 06:00:00,301.90985,11.3,28.76,83.77,80.7,27.06
30.0,68.0,2021-04-02 12:00:00,305.62155,6.0,32.47,90.45,84.9,29.39
30.0,68.0,2021-04-02 18:00:00,298.42194,14.6,25.27,77.49,75.6,24.22
30.0,68.0,2021-04-03 00:00:00,295.56387,18.2,22.41,72.34,70.1,21.17
30.0,68.0,2021-04-03 06:00:00,302.5224,12.1,29.37,84.87,81.6,27.56
30.0,68.0,2021-04-03 12:00:00,305.40747,10.1,32.26,90.06,85.3,29.61
30.0,68.0,2021-04-03 18:00:00,299.54483,15.7,26.39,79.51,77.9,25.5
30.0,68.0,2021-04-04 00:00:00,296.5147,14.4,23.36,74.06,71.8,22.11
30.0,68.0,2021-04-04 06:00:00,302.12738,8.6,28.98,84.16,80.6,27.0
30.0,68.0,2021-04-04 12:00:00,304.42136,8.6,31.27,88.29,83.7,28.72
30.0,68.0,2021-04-04 18:00:00,300.52277,11.6,27.37,81.27,79.6,26.44
30.0,68.0,2021-04-05 00:00:00,296.91425,26.6,23.76,74.78,73.2,22.89
30.0,68.0,2021-04-05 06:00:00,302.37555,10.3,29.23,84.61,81.2,27.33
30.0,68.0,2021-04-05 12:00:00,303.4,9.1,30.25,86.45,82.4,28.0
30.0,68.0,2021-04-05 18:00:00,299.96954,14.7,26.82,80.28,78.7,25.94
30.0,68.0,2021-04-06 00:00:00,296.11337,28.9,22.96,73.33,71.7,22.06
30.0,68.0,2021-04-06 06:00:00,298.0285,27.3,24.88,76.78,75.4,24.11
30.0,68.0,2021-04-06 12:00:00,301.81424,8.7,28.66,83.6,80.2,26.78
30.0,68.0,2021-04-06 18:00:00,295.2285,9.2,22.08,71.74,69.0,20.56
30.0,68.0,2021-04-07 00:00:00,291.18567,12.0,18.04,64.46,61.2,16.22
30.0,68.0,2021-04-07 06:00:00,299.2706,4.9,26.12,79.02,76.9,24.94
30.0,68.0,2021-04-07 12:00:00,301.71497,4.2,28.56,83.42,79.5,26.39
30.0,68.0,2021-04-07 18:00:00,295.08505,8.8,21.94,71.48,68.7,20.39
30.0,68.0,2021-04-08 00:00:00,292.3,11.8,19.15,66.47,63.4,17.44
30.0,68.0,2021-04-08 06:00:00,298.94214,7.0,25.79,78.43,76.3,24.61
30.0,68.0,2021-04-08 12:00:00,301.36823,8.4,28.22,82.79,79.6,26.44
30.0,68.0,2021-04-08 18:00:00,296.61078,16.5,23.46,74.23,72.1,22.28
30.0,68.0,2021-04-09 00:00:00,293.81497,19.4,20.66,69.2,66.7,19.28
30.0,68.0,2021-04-09 06:00:00,301.30295,10.5,28.15,82.68,79.8,26.56
30.0,68.0,2021-04-09 12:00:00,302.60004,8.3,29.45,85.01,81.2,27.33
30.0,68.0,2021-04-09 18:00:00,297.4,14.0,24.25,75.65,73.6,23.11
30.0,68.0,2021-04-10 00:00:00,294.74408,16.6,21.59,70.87,68.4,20.22
30.0,68.0,2021-04-10 06:00:00,302.0021,10.6,28.85,83.93,80.7,27.06
30.0,68.0,2021-04-10 12:00:00,304.23166,9.0,31.08,87.95,83.5,28.61
30.0,68.0,2021-04-10 18:00:00,298.5313,13.4,25.38,77.69,75.8,24.33
30.0,68.0,2021-04-11 00:00:00,295.5979,15.5,22.45,72.41,70.1,21.17
30.0,68.0,2021-04-11 06:00:00,303.35446,9.7,30.2,86.37,82.4,28.0
30.0,68.0,2021-04-11 12:00:00,306.26108,7.1,33.11,91.6,86.0,30.0
30.0,68.0,2021-04-11 18:00:00,299.66138,11.3,26.51,79.72,77.9,25.5
30.0,68.0,2021-04-12 00:00:00,296.2065,13.8,23.06,73.5,71.2,21.78
30.0,68.0,2021-04-12 06:00:00,305.0923,7.9,31.94,89.5,84.5,29.17
30.0,68.0,2021-04-12 12:00:00,306.7508,7.0,33.6,92.48,86.7,30.39
30.0,68.0,2021-04-12 18:00:00,300.39502,12.9,27.25,81.04,79.5,26.39
30.0,68.0,2021-04-13 00:00:00,297.08566,16.8,23.94,75.08,73.1,22.83
30.0,68.0,2021-04-13 06:00:00,303.6322,12.4,30.48,86.87,83.2,28.44
30.0,68.0,2021-04-13 12:00:00,305.1935,11.8,32.04,89.68,85.4,29.67
30.0,68.0,2021-04-13 18:00:00,299.8,18.1,26.65,79.97,78.5,25.83
30.0,68.0,2021-04-14 00:00:00,296.48505,21.1,23.34,74.0,72.1,22.28
30.0,68.0,2021-04-14 06:00:00,303.67685,13.3,30.53,86.95,83.4,28.56
30.0,68.0,2021-04-14 12:00:00,305.5169,11.0,32.37,90.26,85.7,29.83
30.0,68.0,2021-04-14 18:00:00,300.38834,20.1,27.24,81.03,79.8,26.56
30.0,68.0,2021-04-15 00:00:00,296.4,28.1,23.25,73.85,72.3,22.39
30.0,68.0,2021-04-15 06:00:00,303.023,17.2,29.87,85.77,82.5,28.06
30.0,68.0,2021-04-15 12:00:00,300.47076,22.4,27.32,81.18,79.4,26.33
30.0,68.0,2021-04-15 18:00:00,296.41742,36.6,23.27,73.88,72.7,22.61
30.0,68.0,2021-04-16 00:00:00,293.36768,50.0,20.22,68.39,67.3,19.61
30.0,68.0,2021-04-16 06:00:00,297.76373,37.2,24.61,76.3,75.4,24.11
30.0,68.0,2021-04-16 12:00:00,296.87006,37.0,23.72,74.7,73.6,23.11
30.0,68.0,2021-04-16 18:00:00,295.1,40.9,21.95,71.51,70.3,21.28
30.0,68.0,2021-04-17 00:00:00,292.22345,50.7,19.07,66.33,65.0,18.33
30.0,68.0,2021-04-17 06:00:00,297.63168,38.7,24.48,76.07,75.2,24.0
30.0,68.0,2021-04-17 12:00:00,302.26337,21.0,29.11,84.4,81.6,27.56
30.0,68.0,2021-04-17 18:00:00,297.82,30.0,24.67,76.41,75.2,24.0
30.0,68.0,2021-04-18 00:00:00,295.09796,33.5,21.95,71.51,69.9,21.06
30.0,68.0,2021-04-18 06:00:00,302.75107,14.2,29.6,85.28,82.1,27.83
30.0,68.0,2021-04-18 12:00:00,306.02664,5.9,32.88,91.18,85.5,29.72
30.0,68.0,2021-04-18 18:00:00,300.6772,9.5,27.53,81.55,79.9,26.61
30.0,68.0,2021-04-19 00:00:00,296.7028,12.1,23.55,74.4,72.1,22.28
30.0,68.0,2021-04-19 06:00:00,304.00665,8.6,30.86,87.54,83.1,28.39
30.0,68.0,2021-04-19 12:00:00,303.36737,13.9,30.22,86.39,82.9,28.28
30.0,68.0,2021-04-19 18:00:00,297.43646,31.6,24.29,75.72,74.5,23.61
30.0,68.0,2021-04-20 00:00:00,293.1,45.6,19.95,67.91,66.5,19.17
30.0,68.0,2021-04-20 06:00:00,296.4,35.8,23.25,73.85,72.6,22.56
30.0,68.0,2021-04-20 12:00:00,298.37253,30.2,25.22,77.4,76.3,24.61
30.0,68.0,2021-04-20 18:00:00,294.16824,45.6,21.02,69.83,68.7,20.39
30.0,68.0,2021-04-21 00:00:00,292.24878,49.0,19.1,66.38,65.0,18.33
30.0,68.0,2021-04-21 06:00:00,297.80002,34.0,24.65,76.37,75.3,24.06
30.0,68.0,2021-04-21 12:00:00,300.6996,26.8,27.55,81.59,80.0,26.67
30.0,68.0,2021-04-21 18:00:00,296.85864,37.6,23.71,74.68,73.6,23.11
30.0,68.0,2021-04-22 00:00:00,294.3,39.8,21.15,70.07,68.6,20.33
30.0,68.0,2021-04-22 06:00:00,302.3706,19.4,29.22,84.6,81.7,27.61
30.0,68.0,2021-04-22 12:00:00,306.07605,11.1,32.93,91.27,86.6,30.33
30.0,68.0,2021-04-22 18:00:00,300.01123,16.2,26.86,80.35,78.8,26.0
30.0,68.0,2021-04-23 00:00:00,296.3555,16.7,23.21,73.77,71.6,22.0
30.0,68.0,2021-04-23 06:00:00,303.4147,14.6,30.26,86.48,83.0,28.33
30.0,68.0,2021-04-23 12:00:00,304.6853,15.1,31.54,88.76,84.9,29.39
30.0,68.0,2021-04-23 18:00:00,297.2508,35.2,24.1,75.38,74.3,23.5
30.0,68.0,2021-04-24 00:00:00,294.66544,40.6,21.52,70.73,69.4,20.78
30.0,68.0,2021-04-24 06:00:00,300.6103,21.2,27.46,81.43,79.5,26.39
30.0,68.0,2021-04-24 12:00:00,303.60748,13.5,30.46,86.82,83.3,28.5
30.0,68.0,2021-04-24 18:00:00,298.32245,21.6,25.17,77.31,75.8,24.33
30.0,68.0,2021-04-25 00:00:00,296.32034,22.3,23.17,73.71,71.8,22.11
30.0,68.0,2021-04-25 06:00:00,303.72003,15.8,30.57,87.03,83.5,28.61
30.0,68.0,2021-04-25 12:00:00,306.08325,14.2,32.93,91.28,87.1,30.61
30.0,68.0,2021-04-25 18:00:00,300.42493,21.2,27.27,81.09,79.9,26.61
30.0,68.0,2021-04-26 00:00:00,297.56366,24.3,24.41,75.94,74.4,23.56
30.0,68.0,2021-04-26 06:00:00,305.88995,13.6,32.74,90.93,86.7,30.39
30.0,68.0,2021-04-26 12:00:00,308.88275,7.7,35.73,96.32,90.0,32.22
30.0,68.0,2021-04-26 18:00:00,301.71112,12.0,28.56,83.41,80.5,26.94
30.0,68.0,2021-04-27 00:00:00,298.53842,15.1,25.39,77.7,75.9,24.39
30.0,68.0,2021-04-27 06:00:00,307.99088,9.6,34.84,94.71,89.1,31.72
30.0,68.0,2021-04-27 12:00:00,308.43427,9.8,35.28,95.51,89.9,32.17
30.0,68.0,2021-04-27 18:00:00,302.4523,13.9,29.3,84.74,81.7,27.61
30.0,68.0,2021-04-28 00:00:00,298.4334,14.2,25.28,77.51,75.6,24.22
30.0,68.0,2021-04-28 06:00:00,306.97354,13.1,33.82,92.88,88.5,31.39
30.0,68.0,2021-04-28 12:00:00,308.3,11.8,35.15,95.27,90.3,32.39
30.0,68.0,2021-04-28 18:00:00,302.66107,17.8,29.51,85.12,82.0,27.78
30.0,68.0,2021-04-29 00:00:00,298.00775,18.3,24.86,76.74,75.0,23.89
30.0,68.0,2021-04-29 06:00:00,306.3706,11.0,33.22,91.8,87.0,30.56
30.0,68.0,2021-04-29 12:00:00,306.97018,13.4,33.82,92.88,88.5,31.39
30.0,68.0,2021-04-29 18:00:00,301.3,19.3,28.15,82.67,80.3,26.83
30.0,68.0,2021-04-30 00:00:00,298.7317,20.4,25.58,78.05,76.5,24.72
30.0,68.0,2021-04-30 06:00:00,306.03842,13.8,32.89,91.2,87.0,30.56
30.0,68.0,2021-04-30 12:00:00,307.39252,11.5,34.24,93.64,88.7,31.5
30.0,68.0,2021-04-30 18:00:00,300.28503,22.2,27.14,80.84,79.7,26.5
30.0,68.0,2021-05-01 00:00:00,297.69022,26.5,24.54,76.17,74.7,23.72
30.0,68.0,2021-05-01 06:00:00,306.2,17.2,33.05,91.49,87.5,30.83
30.0,68.0,2021-05-01 12:00:00,305.80945,17.7,32.66,90.79,86.9,30.5
30.0,68.0,2021-05-01 18:00:00,301.80743,24.7,28.66,83.58,81.2,27.33
30.0,68.0,2021-05-02 00:00:00,298.3123,30.8,25.16,77.29,76.2,24.56
30.0,68.0,2021-05-02 06:00:00,305.42938,20.1,32.28,90.1,86.4,30.22
30.0,68.0,2021-05-02 12:00:00,294.50687,57.6,21.36,70.44,69.9,21.06
30.0,68.0,2021-05-02 18:00:00,298.42932,39.6,25.28,77.5,76.8,24.89
30.0,68.0,2021-05-03 00:00:00,295.65384,44.4,22.5,72.51,71.5,21.94
30.0,68.0,2021-05-03 06:00:00,302.99042,25.8,29.84,85.71,83.0,28.33
30.0,68.0,2021-05-03 12:00:00,304.3389,20.8,31.19,88.14,84.7,29.28
30.0,68.0,2021-05-03 18:00:00,300.30017,30.7,27.15,80.87,79.8,26.56
30.0,68.0,2021-05-04 00:00:00,298.714,31.9,25.56,78.02,77.0,25.0
30.0,68.0,2021-05-04 06:00:00,304.5,20.2,31.35,88.43,84.9,29.39
30.0,68.0,2021-05-04 12:00:00,307.10004,13.7,33.95,93.11,88.7,31.5
30.0,68.0,2021-05-04 18:00:00,301.69666,20.8,28.55,83.38,80.9,27.17
30.0,68.0,2021-05-05 00:00:00,298.63422,23.2,25.48,77.87,76.4,24.67
30.0,68.0,2021-05-05 06:00:00,305.42447,14.6,32.27,90.09,86.0,30.0
30.0,68.0,2021-05-05 12:00:00,307.1489,10.7,34.0,93.2,88.1,31.17
30.0,68.0,2021-05-05 18:00:00,301.55148,18.9,28.4,83.12,80.6,27.0
30.0,68.0,2021-05-06 00:00:00,298.00986,24.9,24.86,76.75,75.3,24.06
30.0,68.0,2021-05-06 06:00:00,303.4834,21.2,30.33,86.6,83.4,28.56
30.0,68.0,2021-05-06 12:00:00,299.3417,34.1,26.19,79.15,78.4,25.78
30.0,68.0,2021-05-06 18:00:00,296.34256,44.5,23.19,73.75,72.9,22.72
30.0,68.0,2021-05-07 00:00:00,295.5,42.1,22.35,72.23,71.1,21.72
30.0,68.0,2021-05-07 06:00:00,302.87006,25.5,29.72,85.5,82.8,28.22
30.0,68.0,2021-05-07 12:00:00,305.53467,18.5,32.38,90.29,86.5,30.28
30.0,68.0,2021-05-07 18:00:00,301.1683,27.3,28.02,82.43,80.6,27.0
30.0,68.0,2021-05-08 00:00:00,297.9611,31.9,24.81,76.66,75.5,24.17
30.0,68.0,2021-05-08 06:00:00,305.62216,15.2,32.47,90.45,86.4,30.22
30.0,68.0,2021-05-08 12:00:00,307.88962,10.8,34.74,94.53,89.3,31.83
30.0,68.0,2021-05-08 18:00:00,301.77783,16.0,28.63,83.53,80.8,27.11
30.0,68.0,2021-05-09 00:00:00,298.84158,22.1,25.69,78.24,76.8,24.89
30.0,68.0,2021-05-09 06:00:00,307.32944,12.2,34.18,93.52,88.8,31.56
30.0,68.0,2021-05-09 12:00:00,309.09225,8.3,35.94,96.7,90.5,32.5
30.0,68.0,2021-05-09 18:00:00,302.56372,18.6,29.41,84.94,81.9,27.72
30.0,68.0,2021-05-10 00:00:00,299.45428,23.4,26.3,79.35,78.1,25.61
30.0,68.0,2021-05-10 06:00:00,307.45844,14.3,34.31,93.76,89.4,31.89
30.0,68.0,2021-05-10 12:00:00,308.5638,10.4,35.41,95.74,90.2,32.33
30.0,68.0,2021-05-10 18:00:00,303.4665,16.0,30.32,86.57,83.1,28.39
30.0,68.0,2021-05-11 00:00:00,299.3463,22.9,26.2,79.15,77.8,25.44
30.0,68.0,2021-05-11 06:00:00,306.97336,15.9,33.82,92.88,88.7,31.5
30.0,68.0,2021-05-11 12:00:00,306.75125,15.4,33.6,92.48,88.2,31.22
30.0,68.0,2021-05-11 18:00:00,302.0605,17.5,28.91,84.04,81.2,27.33
30.0,68.0,2021-05-12 00:00:00,298.54614,20.4,25.4,77.71,76.1,24.5
30.0,68.0,2021-05-12 06:00:00,306.13736,12.0,32.99,91.38,86.9,30.5
30.0,68.0,2021-05-12 12:00:00,308.74887,7.7,35.6,96.08,89.8,32.11
30.0,68.0,2021-05-12 18:00:00,301.6292,10.6,28.48,83.26,80.2,26.78
30.0,68.0,2021-05-13 00:00:00,298.44547,14.7,25.3,77.53,75.7,24.28
30.0,68.0,2021-05-13 06:00:00,307.7091,7.2,34.56,94.21,88.1,31.17
30.0,68.0,2021-05-13 12:00:00,309.2292,5.5,36.08,96.94,90.0,32.22
30.0,68.0,2021-05-13 18:00:00,301.82532,16.6,28.68,83.62,80.9,27.17
30.0,68.0,2021-05-14 00:00:00,298.25015,26.5,25.1,77.18,75.8,24.33
30.0,68.0,2021-05-14 06:00:00,305.3245,24.2,32.17,89.91,86.8,30.44
30.0,68.0,2021-05-14 12:00:00,307.7701,15.0,34.62,94.32,90.0,32.22
30.0,68.0,2021-05-14 18:00:00,302.2104,24.3,29.06,84.31,81.8,27.67
30.0,68.0,2021-05-15 00:00:00,299.23892,30.6,26.09,78.96,78.0,25.56
30.0,68.0,2021-05-15 06:00:00,305.4611,19.6,32.31,90.16,86.4,30.22
30.0,68.0,2021-05-15 12:00:00,307.37885,15.9,34.23,93.61,89.4,31.89
30.0,68.0,2021-05-15 18:00:00,302.24893,24.9,29.1,84.38,81.9,27.72
30.0,68.0,2021-05-16 00:00:00,298.20175,40.7,25.05,77.09,76.4,24.67
30.0,68.0,2021-05-16 06:00:00,303.76337,31.6,30.61,87.1,85.1,29.5
30.0,68.0,2021-05-16 12:00:00,305.11133,23.1,31.96,89.53,86.2,30.11
30.0,68.0,2021-05-16 18:00:00,301.5489,32.9,28.4,83.12,81.6,27.56
30.0,68.0,2021-05-17 00:00:00,299.42593,36.2,26.28,79.3,78.6,25.89
30.0,68.0,2021-05-17 06:00:00,305.86652,26.1,32.72,90.89,88.1,31.17
30.0,68.0,2021-05-17 12:00:00,305.4665,16.9,32.32,90.17,86.2,30.11
30.0,68.0,2021-05-17 18:00:00,301.97552,29.3,28.83,83.89,81.8,27.67
30.0,68.0,2021-05-18 00:00:00,299.63675,29.2,26.49,79.68,78.7,25.94
30.0,68.0,2021-05-18 06:00:00,306.24615,20.2,33.1,91.57,87.9,31.06
30.0,68.0,2021-05-18 12:00:00,309.23737,9.5,36.09,96.96,91.1,32.83
30.0,68.0,2021-05-18 18:00:00,298.34543,51.4,25.2,77.35,77.2,25.11
30.0,68.0,2021-05-19 00:00:00,297.42856,51.4,24.28,75.7,75.4,24.11
30.0,68.0,2021-05-19 06:00:00,304.618,26.4,31.47,88.64,85.8,29.89
30.0,68.0,2021-05-19 12:00:00,308.32443,13.2,35.17,95.31,90.7,32.61
30.0,68.0,2021-05-19 18:00:00,302.6124,17.7,29.46,85.03,82.0,27.78
30.0,68.0,2021-05-20 00:00:00,298.7497,27.6,25.6,78.08,76.9,24.94
30.0,68.0,2021-05-20 06:00:00,306.77423,16.3,33.62,92.52,88.4,31.33
30.0,68.0,2021-05-20 12:00:00,311.80963,3.6,38.66,101.59,93.5,34.17
30.0,68.0,2021-05-20 18:00:00,304.18024,9.2,31.03,87.85,83.4,28.56
30.0,68.0,2021-05-21 00:00:00,299.49036,13.3,26.34,79.41,77.7,25.39
30.0,68.0,2021-05-21 06:00:00,307.90497,7.0,34.75,94.56,88.3,31.28
30.0,68.0,2021-05-21 12:00:00,309.72443,7.8,36.57,97.83,91.4,33.0
30.0,68.0,2021-05-21 18:00:00,303.805,16.4,30.65,87.18,83.6,28.67
30.0,68.0,2021-05-22 00:00:00,299.63623,22.3,26.49,79.68,78.4,25.78
30.0,68.0,2021-05-22 06:00:00,306.72125,14.1,33.57,92.43,88.1,31.17
30.0,68.0,2021-05-22 12:00:00,308.73102,9.6,35.58,96.05,90.3,32.39
30.0,68.0,2021-05-22 18:00:00,297.91254,43.5,24.76,76.57,76.0,24.44
30.0,68.0,2021-05-23 00:00:00,296.5834,45.6,23.43,74.18,73.4,23.0
30.0,68.0,2021-05-23 06:00:00,301.6982,33.1,28.55,83.39,81.8,27.67
30.0,68.0,2021-05-23 12:00:00,305.11957,22.4,31.97,89.55,86.2,30.11
30.0,68.0,2021-05-23 18:00:00,300.35196,34.2,27.2,80.96,80.1,26.72
30.0,68.0,2021-05-24 00:00:00,297.5,45.3,24.35,75.83,75.2,24.0
30.0,68.0,2021-05-24 06:00:00,305.81046,21.9,32.66,90.79,87.3,30.72
30.0,68.0,2021-05-24 12:00:00,308.52606,16.9,35.38,95.68,91.6,33.11
30.0,68.0,2021-05-24 18:00:00,303.2211,25.9,30.07,86.13,83.4,28.56
30.0,68.0,2021-05-25 00:00:00,300.25098,30.3,27.1,80.78,80.0,26.67
30.0,68.0,2021-05-25 06:00:00,309.16107,10.4,36.01,96.82,91.2,32.89
30.0,68.0,2021-05-25 12:00:00,312.01004,6.2,38.86,101.95,94.6,34.78
30.0,68.0,2021-05-25 18:00:00,305.8294,10.6,32.68,90.82,86.1,30.06
30.0,68.0,2021-05-26 00:00:00,302.00784,13.2,28.86,83.94,81.1,27.28
30.0,68.0,2021-05-26 06:00:00,310.50873,7.5,37.36,99.25,92.6,33.67
30.0,68.0,2021-05-26 12:00:00,312.69342,5.4,39.54,103.18,95.4,35.22
30.0,68.0,2021-05-26 18:00:00,305.16678,9.3,32.02,89.63,84.9,29.39
30.0,68.0,2021-05-27 00:00:00,301.5006,9.4,28.35,83.03,79.9,26.61
30.0,68.0,2021-05-27 06:00:00,311.09418,6.2,37.94,100.3,93.1,33.94
30.0,68.0,2021-05-27 12:00:00,313.67996,5.2,40.53,104.95,96.9,36.06
30.0,68.0,2021-05-27 18:00:00,306.48004,9.4,33.33,91.99,86.8,30.44
30.0,68.0,2021-05-28 00:00:00,302.6534,13.7,29.5,85.11,81.9,27.72
30.0,68.0,2021-05-28 06:00:00,311.25757,11.9,38.11,100.59,95.5,35.28
30.0,68.0,2021-05-28 12:00:00,313.51672,6.8,40.37,104.66,97.3,36.28
30.0,68.0,2021-05-28 18:00:00,307.14047,12.3,33.99,93.18,88.5,31.39
30.0,68.0,2021-05-29 00:00:00,302.83072,25.3,29.68,85.43,82.7,28.17
30.0,68.0,2021-05-29 06:00:00,311.80963,9.2,38.66,101.59,95.3,35.17
30.0,68.0,2021-05-29 12:00:00,313.27335,6.1,40.12,104.22,96.6,35.89
30.0,68.0,2021-05-29 18:00:00,306.19562,10.4,33.05,91.48,86.6,30.33
30.0,68.0,2021-05-30 00:00:00,302.70566,12.7,29.56,85.2,82.0,27.78
30.0,68.0,2021-05-30 06:00:00,312.01465,7.0,38.86,101.96,94.9,34.94
30.0,68.0,2021-05-30 12:00:00,313.4147,5.8,40.26,104.48,96.7,35.94
30.0,68.0,2021-05-30 18:00:00,305.92773,10.0,32.78,91.0,86.1,30.06
30.0,68.0,2021-05-31 00:00:00,302.23737,13.4,29.09,84.36,81.4,27.44
30.0,68.0,2021-05-31 06:00:00,311.5219,7.5,38.37,101.07,94.2,34.56
30.0,68.0,2021-05-31 12:00:00,314.32986,5.4,41.18,106.12,98.0,36.67
30.0,68.0,2021-05-31 18:00:00,305.73892,11.1,32.59,90.66,86.0,30.0
30.0,68.0,2021-06-01 00:00:00,302.14435,14.6,28.99,84.19,81.3,27.39
30.0,68.0,2021-06-01 06:00:00,311.68457,9.4,38.53,101.36,95.2,35.11
30.0,68.0,2021-06-01 12:00:00,312.35385,12.0,39.2,102.57,97.6,36.44
30.0,68.0,2021-06-01 18:00:00,304.21426,27.9,31.06,87.92,85.3,29.61
30.0,68.0,2021-06-02 00:00:00,302.01425,35.2,28.86,83.96,82.6,28.11
30.0,68.0,2021-06-02 06:00:00,309.09717,24.8,35.95,96.7,94.9,34.94
30.0,68.0,2021-06-02 12:00:00,311.9,16.0,38.75,101.75,98.2,36.78
30.0,68.0,2021-06-02 18:00:00,305.6683,26.4,32.52,90.53,87.8,31.0
30.0,68.0,2021-06-03 00:00:00,302.3147,37.2,29.16,84.5,83.4,28.56
30.0,68.0,2021-06-03 06:00:00,309.7863,23.1,36.64,97.95,95.9,35.5
30.0,68.0,2021-06-03 12:00:00,311.07324,20.2,37.92,100.26,97.9,36.61
30.0,68.0,2021-06-03 18:00:00,305.26422,35.6,32.11,89.81,89.1,31.72
30.0,68.0,2021-06-04 00:00:00,301.9175,42.7,28.77,83.78,83.5,28.61
30.0,68.0,2021-06-04 06:00:00,306.62238,33.1,33.47,92.25,91.6,33.11
30.0,68.0,2021-06-04 12:00:00,309.36472,24.8,36.21,97.19,95.5,35.28
30.0,68.0,2021-06-04 18:00:00,304.7077,31.5,31.56,88.8,86.9,30.5
30.0,68.0,2021-06-05 00:00:00,301.37866,38.2,28.23,82.81,81.9,27.72
30.0,68.0,2021-06-05 06:00:00,307.5467,27.0,34.4,93.91,91.9,33.28
30.0,68.0,2021-06-05 12:00:00,309.79102,24.1,36.64,97.95,96.3,35.72
30.0,68.0,2021-06-05 18:00:00,303.91815,34.0,30.77,87.38,85.8,29.89
30.0,68.0,2021-06-06 00:00:00,302.08505,38.6,28.94,84.08,83.2,28.44
30.0,68.0,2021-06-06 06:00:00,308.39252,27.9,35.24,95.44,94.3,34.61
30.0,68.0,2021-06-06 12:00:00,310.73892,26.0,37.59,99.66,99.6,37.56
30.0,68.0,2021-06-06 18:00:00,306.17783,32.9,33.03,91.45,90.5,32.5
30.0,68.0,2021-06-07 00:00:00,302.9755,35.5,29.83,85.69,84.3,29.06
30.0,68.0,2021-06-07 06:00:00,308.6,31.0,35.45,95.81,96.0,35.56
30.0,68.0,2021-06-07 12:00:00,312.07397,21.3,38.92,102.06,100.8,38.22
30.0,68.0,2021-06-07 18:00:00,307.83438,24.1,34.68,94.43,91.8,33.22
30.0,68.0,2021-06-08 00:00:00,303.15698,32.3,30.01,86.01,84.1,28.94
30.0,68.0,2021-06-08 06:00:00,310.8941,21.8,37.74,99.94,98.1,36.72
30.0,68.0,2021-06-08 12:00:00,314.34155,16.0,41.19,106.14,103.6,39.78
30.0,68.0,2021-06-08 18:00:00,308.36337,24.2,35.21,95.38,93.0,33.89
30.0,68.0,2021-06-09 00:00:00,304.11627,28.8,30.97,87.74,85.3,29.61
30.0,68.0,2021-06-09 06:00:00,312.96338,16.6,39.81,103.66,100.7,38.17
30.0,68.0,2021-06-09 12:00:00,315.94287,11.4,42.79,109.03,104.3,40.17
30.0,68.0,2021-06-09 18:00:00,308.33127,23.3,35.18,95.33,92.7,33.72
30.0,68.0,2021-06-10 00:00:00,304.54288,30.9,31.39,88.51,86.4,30.22
30.0,68.0,2021-06-10 06:00:00,312.62695,20.6,39.48,103.06,101.9,38.83
30.0,68.0,2021-06-10 12:00:00,315.71005,13.6,42.56,108.61,105.2,40.67
30.0,68.0,2021-06-10 18:00:00,307.7848,25.8,34.63,94.34,92.1,33.39
30.0,68.0,2021-06-11 00:00:00,304.26337,35.9,31.11,88.0,86.9,30.5
30.0,68.0,2021-06-11 06:00:00,311.32678,25.3,38.18,100.72,100.9,38.28
30.0,68.0,2021-06-11 12:00:00,314.81107,13.4,41.66,106.99,103.2,39.56
30.0,68.0,2021-06-11 18:00:00,308.08527,21.2,34.94,94.88,91.6,33.11
30.0,68.0,2021-06-12 00:00:00,303.84122,26.8,30.69,87.24,84.5,29.17
30.0,68.0,2021-06-12 06:00:00,310.63422,26.9,37.48,99.47,99.8,37.67
30.0,68.0,2021-06-12 12:00:00,313.8305,18.7,40.68,105.22,103.9,39.94
30.0,68.0,2021-06-12 18:00:00,307.65616,32.0,34.51,94.11,93.9,34.39
30.0,68.0,2021-06-13 00:00:00,303.23383,46.2,30.08,86.15,87.1,30.61
30.0,68.0,2021-06-13 06:00:00,309.36847,34.4,36.22,97.19,99.9,37.72
30.0,68.0,2021-06-13 12:00:00,312.9104,22.0,39.76,103.57,103.4,39.67
30.0,68.0,2021-06-13 18:00:00,308.2,29.9,35.05,95.09,94.5,34.72
30.0,68.0,2021-06-14 00:00:00,303.2285,45.9,30.08,86.14,87.0,30.56
30.0,68.0,2021-06-14 06:00:00,309.0,31.9,35.85,96.53,97.5,36.39
30.0,68.0,2021-06-14 12:00:00,311.9241,24.3,38.77,101.79,102.0,38.89
30.0,68.0,2021-06-14 18:00:00,306.26166,36.2,33.11,91.6,91.7,33.17
30.0,68.0,2021-06-15 00:00:00,302.99902,48.9,29.85,85.73,87.2,30.67
30.0,68.0,2021-06-15 06:00:00,308.86444,34.7,35.71,96.29,98.5,36.94
30.0,68.0,2021-06-15 12:00:00,313.82465,4.1,40.67,105.21,96.7,35.94
30.0,68.0,2021-06-15 18:00:00,305.26,27.9,32.11,89.8,87.3,30.72
30.0,68.0,2021-06-16 00:00:00,299.8478,49.1,26.7,80.06,80.8,27.11
30.0,68.0,2021-06-16 06:00:00,307.38843,26.3,34.24,93.63,91.4,33.0
30.0,68.0,2021-06-16 12:00:00,310.5541,17.4,37.4,99.33,95.8,35.44
30.0,68.0,2021-06-16 18:00:00,304.5275,36.1,31.38,88.48,87.5,30.83
30.0,68.0,2021-06-17 00:00:00,297.82242,59.5,24.67,76.41,76.5,24.72
30.0,68.0,2021-06-17 06:00:00,305.6307,37.4,32.48,90.47,90.5,32.5
30.0,68.0,2021-06-17 12:00:00,307.27383,28.8,34.12,93.42,91.8,33.22
30.0,68.0,2021-06-17 18:00:00,301.88455,44.9,28.73,83.72,83.8,28.78
30.0,68.0,2021-06-18 00:00:00,300.09222,48.4,26.94,80.5,81.1,27.28
30.0,68.0,2021-06-18 06:00:00,305.06802,34.8,31.92,89.45,88.4,31.33
30.0,68.0,2021-06-18 12:00:00,306.36002,27.5,33.21,91.78,89.4,31.89
30.0,68.0,2021-06-18 18:00:00,303.2629,36.1,30.11,86.2,84.9,29.39
30.0,68.0,2021-06-19 00:00:00,301.17776,43.7,28.03,82.45,82.3,27.94
30.0,68.0,2021-06-19 06:00:00,306.85052,28.2,33.7,92.66,90.7,32.61
30.0,68.0,2021-06-19 12:00:00,310.52582,15.6,37.38,99.28,95.2,35.11
30.0,68.0,2021-06-19 18:00:00,305.4177,26.0,32.27,90.08,87.2,30.67
30.0,68.0,2021-06-20 00:00:00,302.27808,33.3,29.13,84.43,82.7,28.17
30.0,68.0,2021-06-20 06:00:00,308.42096,23.3,35.27,95.49,92.9,33.83
30.0,68.0,2021-06-20 12:00:00,311.2824,14.3,38.13,100.64,96.4,35.78
30.0,68.0,2021-06-20 18:00:00,303.36337,31.5,30.21,86.38,84.3,29.06
30.0,68.0,2021-06-21 00:00:00,302.62674,30.8,29.48,85.06,83.0,28.33
30.0,68.0,2021-06-21 06:00:00,306.82056,32.3,33.67,92.61,91.8,33.22
30.0,68.0,2021-06-21 12:00:00,308.9147,26.0,35.76,96.38,94.9,34.94
30.0,68.0,2021-06-21 18:00:00,302.00177,45.7,28.85,83.93,84.2,29.0
30.0,68.0,2021-06-22 00:00:00,300.6634,51.0,27.51,81.52,82.4,28.0
30.0,68.0,2021-06-22 06:00:00,307.3338,26.0,34.18,93.53,91.2,32.89
30.0,68.0,2021-06-22 12:00:00,310.9,14.3,37.75,99.95,95.6,35.33
30.0,68.0,2021-06-22 18:00:00,306.46338,20.8,33.31,91.96,88.4,31.33
30.0,68.0,2021-06-23 00:00:00,303.31406,24.7,30.16,86.3,83.4,28.56
30.0,68.0,2021-06-23 06:00:00,309.97806,15.1,36.83,98.29,94.0,34.44
30.0,68.0,2021-06-23 12:00:00,312.35614,9.3,39.21,102.57,96.3,35.72
30.0,68.0,2021-06-23 18:00:00,306.9,16.0,33.75,92.75,88.6,31.44
30.0,68.0,2021-06-24 00:00:00,303.0219,27.9,29.87,85.77,83.3,28.5
30.0,68.0,2021-06-24 06:00:00,308.49014,24.5,35.34,95.61,93.4,34.11
30.0,68.0,2021-06-24 12:00:00,312.25458,11.5,39.1,102.39,97.1,36.17
30.0,68.0,2021-06-24 18:00:00,306.37845,18.7,33.23,91.81,87.9,31.06
30.0,68.0,2021-06-25 00:00:00,302.82968,25.5,29.68,85.42,82.8,28.22
30.0,68.0,2021-06-25 06:00:00,307.82132,27.6,34.67,94.41,92.8,33.78
30.0,68.0,2021-06-25 12:00:00,311.38483,13.0,38.23,100.82,96.2,35.67
30.0,68.0,2021-06-25 18:00:00,306.75662,18.6,33.61,92.49,88.6,31.44
30.0,68.0,2021-06-26 00:00:00,303.03802,22.1,29.89,85.8,82.8,28.22
30.0,68.0,2021-06-26 06:00:00,308.84454,22.6,35.69,96.25,93.6,34.22
30.0,68.0,2021-06-26 12:00:00,310.82446,17.6,37.67,99.81,96.4,35.78
30.0,68.0,2021-06-26 18:00:00,304.6489,37.0,31.5,88.7,88.0,31.11
30.0,68.0,2021-06-27 00:00:00,302.82446,44.4,29.67,85.41,85.7,29.83
30.0,68.0,2021-06-27 06:00:00,307.75464,29.7,34.6,94.29,93.3,34.06
30.0,68.0,2021-06-27 12:00:00,308.0496,16.4,34.9,94.82,90.6,32.56
30.0,68.0,2021-06-27 18:00:00,305.61978,20.0,32.47,90.45,86.8,30.44
30.0,68.0,2021-06-28 00:00:00,302.7,28.2,29.55,85.19,82.8,28.22
30.0,68.0,2021-06-28 06:00:00,308.8513,19.7,35.7,96.26,92.8,33.78
30.0,68.0,2021-06-28 12:00:00,311.7759,9.6,38.63,101.53,95.4,35.22
30.0,68.0,2021-06-28 18:00:00,306.3957,16.3,33.25,91.84,87.7,30.94
30.0,68.0,2021-06-29 00:00:00,302.76215,23.0,29.61,85.3,82.5,28.06
30.0,68.0,2021-06-29 06:00:00,310.29507,14.2,37.15,98.86,94.4,34.67
30.0,68.0,2021-06-29 12:00:00,313.39456,7.6,40.24,104.44,97.4,36.33
30.0,68.0,2021-06-29 18:00:00,306.7597,14.8,33.61,92.5,88.2,31.22
30.0,68.0,2021-06-30 00:00:00,302.9903,28.7,29.84,85.71,83.3,28.5
30.0,68.0,2021-06-30 06:00:00,311.7,9.6,38.55,101.39,95.3,35.17
30.0,68.0,2021-06-30 12:00:00,314.44272,3.9,41.29,106.33,97.6,36.44
30.0,68.0,2021-06-30 18:00:00,307.73843,8.4,34.59,94.26,88.4,31.33
30.0,68.0,2021-07-01 00:00:00,303.08325,15.6,29.93,85.88,82.6,28.11
30.0,68.0,2021-07-01 06:00:00,311.83893,6.9,38.69,101.64,94.5,34.72
30.0,68.0,2021-07-01 12:00:00,314.10385,7.1,40.95,105.72,98.4,36.89
30.0,68.0,2021-07-01 18:00:00,307.5197,12.2,34.37,93.87,89.1,31.72
30.0,68.0,2021-07-02 00:00:00,304.33478,13.6,31.18,88.13,84.4,29.11
30.0,68.0,2021-07-02 06:00:00,310.13477,17.3,36.98,98.57,94.9,34.94
30.0,68.0,2021-07-02 12:00:00,313.04675,13.3,39.9,103.81,99.5,37.5
30.0,68.0,2021-07-02 18:00:00,308.17804,19.9,35.03,95.05,91.5,33.06
30.0,68.0,2021-07-03 00:00:00,303.8949,31.2,30.74,87.34,85.2,29.56
30.0,68.0,2021-07-03 06:00:00,308.57153,29.3,35.42,95.76,95.2,35.11
30.0,68.0,2021-07-03 12:00:00,311.2294,21.7,38.08,100.54,98.9,37.17
30.0,68.0,2021-07-03 18:00:00,306.9441,29.3,33.79,92.83,91.2,32.89
30.0,68.0,2021-07-04 00:00:00,305.0735,32.5,31.92,89.46,87.9,31.06
30.0,68.0,2021-07-04 06:00:00,307.69022,32.8,34.54,94.17,94.3,34.61
30.0,68.0,2021-07-04 12:00:00,310.58826,24.5,37.44,99.39,98.5,36.94
30.0,68.0,2021-07-04 18:00:00,301.7093,45.3,28.56,83.41,83.5,28.61
30.0,68.0,2021-07-05 00:00:00,301.74313,45.2,28.59,83.47,83.6,28.67
30.0,68.0,2021-07-05 06:00:00,306.95078,30.3,33.8,92.84,91.5,33.06
30.0,68.0,2021-07-05 12:00:00,308.65005,26.3,35.5,95.9,94.3,34.61
30.0,68.0,2021-07-05 18:00:00,305.87814,33.4,32.73,90.91,89.9,32.17
30.0,68.0,2021-07-06 00:00:00,303.15552,38.6,30.01,86.01,85.2,29.56
30.0,68.0,2021-07-06 06:00:00,308.9123,24.8,35.76,96.37,94.4,34.67
30.0,68.0,2021-07-06 12:00:00,311.59222,18.4,38.44,101.2,98.4,36.89
30.0,68.0,2021-07-06 18:00:00,306.94214,28.8,33.79,92.83,91.1,32.83
30.0,68.0,2021-07-07 00:00:00,303.99326,35.2,30.84,87.52,86.2,30.11
30.0,68.0,2021-07-07 06:00:00,309.41394,27.8,36.26,97.28,96.9,36.06
30.0,68.0,2021-07-07 12:00:00,312.24567,22.8,39.1,102.37,102.0,38.89
30.0,68.0,2021-07-07 18:00:00,308.34662,28.5,35.2,95.35,94.4,34.67
30.0,68.0,2021-07-08 00:00:00,304.39493,41.0,31.24,88.24,88.5,31.39
30.0,68.0,2021-07-08 06:00:00,310.47504,28.0,37.33,99.19,99.9,37.72
30.0,68.0,2021-07-08 12:00:00,313.85614,19.5,40.71,105.27,104.4,40.22
30.0,68.0,2021-07-08 18:00:00,309.081,30.0,35.93,96.68,96.9,36.06
30.0,68.0,2021-07-09 00:00:00,305.15097,42.6,32.0,89.6,91.0,32.78
30.0,68.0,2021-07-09 06:00:00,308.9641,36.5,35.81,96.47,99.8,37.67
30.0,68.0,2021-07-09 12:00:00,311.6589,29.6,38.51,101.32,104.4,40.22
30.0,68.0,2021-07-09 18:00:00,307.30746,36.4,34.16,93.48,94.7,34.83
30.0,68.0,2021-07-10 00:00:00,304.91705,39.2,31.77,89.18,89.3,31.83
30.0,68.0,2021-07-10 06:00:00,307.9441,39.1,34.79,94.63,97.8,36.56
30.0,68.0,2021-07-10 12:00:00,311.9234,29.0,38.77,101.79,104.8,40.44
30.0,68.0,2021-07-10 18:00:00,306.9338,32.6,33.78,92.81,92.2,33.44
30.0,68.0,2021-07-11 00:00:00,304.43625,38.2,31.29,88.32,87.8,31.0
30.0,68.0,2021-07-11 06:00:00,309.6147,28.0,36.46,97.64,97.5,36.39
30.0,68.0,2021-07-11 12:00:00,312.3922,24.6,39.24,102.64,103.5,39.72
30.0,68.0,2021-07-11 18:00:00,309.17227,27.1,36.02,96.84,95.9,35.5
30.0,68.0,2021-07-12 00:00:00,305.64877,39.7,32.5,90.5,91.3,32.94
30.0,68.0,2021-07-12 06:00:00,310.24408,31.0,37.09,98.77,100.8,38.22
30.0,68.0,2021-07-12 12:00:00,312.71857,25.8,39.57,103.22,105.2,40.67
30.0,68.0,2021-07-12 18:00:00,304.2,48.9,31.05,87.89,90.5,32.5
30.0,68.0,2021-07-13 00:00:00,301.4396,61.5,28.29,82.92,86.1,30.06
30.0,68.0,2021-07-13 06:00:00,305.62787,48.4,32.48,90.46,94.7,34.83
30.0,68.0,2021-07-13 12:00:00,306.27594,40.4,33.13,91.63,93.3,34.06
30.0,68.0,2021-07-13 18:00:00,303.78763,51.9,30.64,87.15,90.3,32.39
30.0,68.0,2021-07-14 00:00:00,301.6867,62.8,28.54,83.37,87.2,30.67
30.0,68.0,2021-07-14 06:00:00,305.34567,49.9,32.2,89.95,94.5,34.72
30.0,68.0,2021-07-14 12:00:00,307.77808,40.2,34.63,94.33,97.9,36.61
30.0,68.0,2021-07-14 18:00:00,304.88828,48.8,31.74,89.13,92.5,33.61
30.0,68.0,2021-07-15 00:00:00,303.4781,52.6,30.33,86.59,89.6,32.0
30.0,68.0,2021-07-15 06:00:00,305.8875,46.3,32.74,90.93,94.6,34.78
30.0,68.0,2021-07-15 12:00:00,307.8,39.7,34.65,94.37,97.7,36.5
30.0,68.0,2021-07-15 18:00:00,305.13873,45.2,31.99,89.58,91.9,33.28
30.0,68.0,2021-07-16 00:00:00,303.24664,51.3,30.1,86.17,88.5,31.39
30.0,68.0,2021-07-16 06:00:00,307.799,39.7,34.65,94.37,97.7,36.5
30.0,68.0,2021-07-16 12:00:00,308.43237,36.4,35.28,95.51,98.0,36.67
30.0,68.0,2021-07-16 18:00:00,306.6612,41.3,33.51,92.32,94.9,34.94
30.0,68.0,2021-07-17 00:00:00,304.36002,49.7,31.21,88.18,91.2,32.89
30.0,68.0,2021-07-17 06:00:00,308.9317,36.0,35.78,96.41,99.4,37.44
30.0,68.0,2021-07-17 12:00:00,312.63586,26.3,39.49,103.07,105.3,40.72
30.0,68.0,2021-07-17 18:00:00,307.7137,39.4,34.56,94.21,97.2,36.22
30.0,68.0,2021-07-18 00:00:00,305.18304,49.2,32.03,89.66,93.6,34.22
30.0,68.0,2021-07-18 06:00:00,308.00018,41.2,34.85,94.73,99.1,37.28
30.0,68.0,2021-07-18 12:00:00,312.3853,30.1,39.24,102.62,107.1,41.72
30.0,68.0,2021-07-18 18:00:00,310.34625,33.5,37.2,98.95,102.5,39.17
30.0,68.0,2021-07-19 00:00:00,305.7,45.5,32.55,90.59,93.7,34.28
30.0,68.0,2021-07-19 06:00:00,308.6905,40.4,35.54,95.97,101.1,38.39
30.0,68.0,2021-07-19 12:00:00,314.46915,22.0,41.32,106.37,107.7,42.06
30.0,68.0,2021-07-19 18:00:00,307.1153,45.5,33.97,93.14,98.4,36.89
30.0,68.0,2021-07-20 00:00:00,304.6197,54.0,31.47,88.65,93.8,34.33
30.0,68.0,2021-07-20 06:00:00,305.7806,54.1,32.63,90.74,98.1,36.72
30.0,68.0,2021-07-20 12:00:00,309.43747,33.3,36.29,97.32,99.5,37.5
30.0,68.0,2021-07-20 18:00:00,306.2,45.3,33.05,91.49,95.2,35.11
30.0,68.0,2021-07-21 00:00:00,303.27698,57.6,30.13,86.23,90.7,32.61
30.0,68.0,2021-07-21 06:00:00,306.5,39.3,33.35,92.03,93.5,34.17
30.0,68.0,2021-07-21 12:00:00,308.08466,25.8,34.93,94.88,92.8,33.78
30.0,68.0,2021-07-21 18:00:00,303.32187,36.7,30.17,86.31,85.1,29.5
30.0,68.0,2021-07-22 00:00:00,302.05615,39.4,28.91,84.03,83.2,28.44
30.0,68.0,2021-07-22 06:00:00,306.16156,37.3,33.01,91.42,91.8,33.22
30.0,68.0,2021-07-22 12:00:00,307.1923,27.2,34.04,93.28,91.2,32.89
30.0,68.0,2021-07-22 18:00:00,305.37686,29.1,32.23,90.01,87.7,30.94
30.0,68.0,2021-07-23 00:00:00,303.1923,40.3,30.04,86.08,85.6,29.78
30.0,68.0,2021-07-23 06:00:00,308.34613,26.8,35.2,95.35,93.8,34.33
30.0,68.0,2021-07-23 12:00:00,306.3193,30.1,33.17,91.7,90.0,32.22
30.0,68.0,2021-07-23 18:00:00,305.94812,30.0,32.8,91.04,89.2,31.78
30.0,68.0,2021-07-24 00:00:00,303.5157,37.5,30.37,86.66,85.7,29.83
30.0,68.0,2021-07-24 06:00:00,308.59006,27.3,35.44,95.79,94.5,34.72
30.0,68.0,2021-07-24 12:00:00,311.71796,21.5,38.57,101.42,100.0,37.78
30.0,68.0,2021-07-24 18:00:00,308.5389,28.1,35.39,95.7,94.7,34.83
30.0,68.0,2021-07-25 00:00:00,304.23798,47.1,31.09,87.96,90.0,32.22
30.0,68.0,2021-07-25 06:00:00,308.7922,33.2,35.64,96.16,97.6,36.44
30.0,68.0,2021-07-25 12:00:00,312.95566,23.8,39.81,103.65,104.6,40.33
30.0,68.0,2021-07-25 18:00:00,309.8335,27.5,36.68,98.03,97.8,36.56
30.0,68.0,2021-07-26 00:00:00,305.11545,41.8,31.97,89.54,90.6,32.56
30.0,68.0,2021-07-26 06:00:00,308.98187,33.3,35.83,96.5,98.2,36.78
30.0,68.0,2021-07-26 12:00:00,312.84012,23.6,39.69,103.44,104.1,40.06
30.0,68.0,2021-07-26 18:00:00,309.4655,30.9,36.32,97.37,98.4,36.89
30.0,68.0,2021-07-27 00:00:00,304.40234,51.9,31.25,88.25,92.2,33.44
30.0,68.0,2021-07-27 06:00:00,308.0853,41.0,34.94,94.88,99.3,37.39
30.0,68.0,2021-07-27 12:00:00,311.1706,33.2,38.02,100.44,105.1,40.61
30.0,68.0,2021-07-27 18:00:00,305.73663,45.6,32.59,90.66,93.9,34.39
30.0,68.0,2021-07-28 00:00:00,302.798,54.3,29.65,85.37,88.2,31.22
30.0,68.0,2021-07-28 06:00:00,306.5249,44.0,33.37,92.07,95.6,35.33
30.0,68.0,2021-07-28 12:00:00,309.98846,33.7,36.84,98.31,101.5,38.61
30.0,68.0,2021-07-28 18:00:00,306.84662,40.5,33.7,92.65,95.1,35.06
30.0,68.0,2021-07-29 00:00:00,303.4873,58.3,30.34,86.61,91.6,33.11
30.0,68.0,2021-07-29 06:00:00,306.77554,48.7,33.63,92.53,98.9,37.17
30.0,68.0,2021-07-29 12:00:00,311.29086,29.1,38.14,100.65,102.9,39.39
30.0,68.0,2021-07-29 18:00:00,307.7633,37.0,34.61,94.3,96.3,35.72
30.0,68.0,2021-07-30 00:00:00,303.7817,53.6,30.63,87.14,90.9,32.72
30.0,68.0,2021-07-30 06:00:00,308.34338,35.6,35.19,95.35,97.4,36.33
30.0,68.0,2021-07-30 12:00:00,312.82608,19.1,39.68,103.42,101.6,38.67
30.0,68.0,2021-07-30 18:00:00,307.34943,36.7,34.2,93.56,94.9,34.94
30.0,68.0,2021-07-31 00:00:00,304.3,49.8,31.15,88.07,91.1,32.83
30.0,68.0,2021-07-31 06:00:00,309.0,34.9,35.85,96.53,99.0,37.22
30.0,68.0,2021-07-31 12:00:00,312.5,21.6,39.35,102.83,102.1,38.94
30.0,68.0,2021-07-31 18:00:00,307.7303,30.1,34.58,94.24,93.4,34.11
30.0,68.0,2021-08-01 00:00:00,303.8964,48.3,30.75,87.34,89.4,31.89
30.0,68.0,2021-08-01 06:00:00,308.44394,31.8,35.29,95.53,95.9,35.5
30.0,68.0,2021-08-01 12:00:00,311.84335,18.6,38.69,101.65,99.0,37.22
30.0,68.0,2021-08-01 18:00:00,306.03168,40.9,32.88,91.19,92.8,33.78
30.0,68.0,2021-08-02 00:00:00,303.99298,48.4,30.84,87.52,89.7,32.06
30.0,68.0,2021-08-02 06:00:00,308.20493,35.5,35.05,95.1,96.9,36.06
30.0,68.0,2021-08-02 12:00:00,311.4317,22.3,38.28,100.91,99.7,37.61
30.0,68.0,2021-08-02 18:00:00,307.2683,33.9,34.12,93.41,93.6,34.22
30.0,68.0,2021-08-03 00:00:00,303.96832,45.3,30.82,87.47,88.7,31.5
30.0,68.0,2021-08-03 06:00:00,307.3,38.1,34.15,93.47,95.4,35.22
30.0,68.0,2021-08-03 12:00:00,311.68784,19.1,38.54,101.37,98.9,37.17
30.0,68.0,2021-08-03 18:00:00,307.21866,27.7,34.07,93.32,91.4,33.0
30.0,68.0,2021-08-04 00:00:00,303.26617,47.4,30.12,86.21,87.5,30.83
30.0,68.0,2021-08-04 06:00:00,309.00018,29.7,35.85,96.53,96.5,35.83
30.0,68.0,2021-08-04 12:00:00,311.61465,20.7,38.46,101.24,99.4,37.44
30.0,68.0,2021-08-04 18:00:00,306.8317,31.1,33.68,92.63,91.5,33.06
30.0,68.0,2021-08-05 00:00:00,303.07538,45.2,29.93,85.87,86.4,30.22
30.0,68.0,2021-08-05 06:00:00,307.48553,34.3,34.34,93.8,94.3,34.61
30.0,68.0,2021-08-05 12:00:00,311.30786,20.6,38.16,100.68,98.6,37.0
30.0,68.0,2021-08-05 18:00:00,307.1922,28.4,34.04,93.28,91.5,33.06
30.0,68.0,2021-08-06 00:00:00,303.3533,41.8,30.2,86.37,86.3,30.17
30.0,68.0,2021-08-06 06:00:00,307.8533,31.6,34.7,94.47,94.2,34.56
30.0,68.0,2021-08-06 12:00:00,310.4715,24.1,37.32,99.18,98.0,36.67
30.0,68.0,2021-08-06 18:00:00,306.7285,31.1,33.58,92.44,91.2,32.89
30.0,68.0,2021-08-07 00:00:00,303.65698,38.2,30.51,86.91,86.1,30.06
30.0,68.0,2021-08-07 06:00:00,308.0,31.0,34.85,94.73,94.4,34.67
30.0,68.0,2021-08-07 12:00:00,310.27567,25.0,37.13,98.83,97.9,36.61
30.0,68.0,2021-08-07 18:00:00,306.14948,32.9,33.0,91.4,90.4,32.44
30.0,68.0,2021-08-08 00:00:00,302.53693,42.6,29.39,84.9,84.7,29.28
30.0,68.0,2021-08-08 06:00:00,307.39447,32.5,34.24,93.64,93.4,34.11
30.0,68.0,2021-08-08 12:00:00,310.88745,21.3,37.74,99.93,97.9,36.61
30.0,68.0,2021-08-08 18:00:00,305.77084,34.3,32.62,90.72,89.9,32.17
30.0,68.0,2021-08-09 00:00:00,302.25073,42.2,29.1,84.38,84.1,28.94
30.0,68.0,2021-08-09 06:00:00,306.66635,36.3,33.52,92.33,92.8,33.78
30.0,68.0,2021-08-09 12:00:00,310.3733,22.7,37.22,99.0,97.2,36.22
30.0,68.0,2021-08-09 18:00:00,305.82217,32.7,32.67,90.81,89.6,32.0
30.0,68.0,2021-08-10 00:00:00,301.71674,53.4,28.57,83.42,85.1,29.5
30.0,68.0,2021-08-10 06:00:00,307.3147,35.1,34.16,93.5,94.2,34.56
30.0,68.0,2021-08-10 12:00:00,310.2,25.0,37.05,98.69,97.7,36.5
30.0,68.0,2021-08-10 18:00:00,305.8441,34.2,32.69,90.85,90.0,32.22
30.0,68.0,2021-08-11 00:00:00,301.9486,47.9,28.8,83.84,84.5,29.17
30.0,68.0,2021-08-11 06:00:00,306.63168,36.9,33.48,92.27,93.0,33.89
30.0,68.0,2021-08-11 12:00:00,311.03174,23.6,37.88,100.19,99.2,37.33
30.0,68.0,2021-08-11 18:00:00,306.15616,34.0,33.01,91.41,90.7,32.61
30.0,68.0,2021-08-12 00:00:00,301.96338,45.8,28.81,83.86,84.1,28.94
30.0,68.0,2021-08-12 06:00:00,306.39505,37.6,33.25,91.84,92.6,33.67
30.0,68.0,2021-08-12 12:00:00,310.8853,22.2,37.74,99.92,98.2,36.78
30.0,68.0,2021-08-12 18:00:00,305.46143,34.4,32.31,90.16,89.2,31.78
30.0,68.0,2021-08-13 00:00:00,301.48328,48.4,28.33,83.0,83.6,28.67
30.0,68.0,2021-08-13 06:00:00,307.06488,35.3,33.91,93.05,93.5,34.17
30.0,68.0,2021-08-13 12:00:00,310.82242,21.7,37.67,99.81,97.9,36.61
30.0,68.0,2021-08-13 18:00:00,305.6,32.2,32.45,90.41,88.9,31.61
30.0,68.0,2021-08-14 00:00:00,301.28766,45.3,28.14,82.65,82.7,28.17
30.0,68.0,2021-08-14 06:00:00,307.54565,30.6,34.4,93.91,93.1,33.94
30.0,68.0,2021-08-14 12:00:00,310.31848,21.1,37.17,98.9,96.5,35.83
30.0,68.0,2021-08-14 18:00:00,304.73425,35.7,31.58,88.85,87.9,31.06
30.0,68.0,2021-08-15 00:00:00,302.22678,41.7,29.08,84.34,83.9,28.83
30.0,68.0,2021-08-15 06:00:00,306.0848,36.6,32.93,91.28,91.4,33.0
30.0,68.0,2021-08-15 12:00:00,308.81448,26.2,35.66,96.2,94.7,34.83
30.0,68.0,2021-08-15 18:00:00,304.1123,39.8,30.96,87.73,87.5,30.83
30.0,68.0,2021-08-16 00:00:00,301.82443,47.2,28.67,83.61,84.1,28.94
30.0,68.0,2021-08-16 06:00:00,305.83423,37.3,32.68,90.83,91.0,32.78
30.0,68.0,2021-08-16 12:00:00,308.1958,28.7,35.05,95.08,94.0,34.44
30.0,68.0,2021-08-16 18:00:00,303.70837,41.4,30.56,87.01,87.0,30.56
30.0,68.0,2021-08-17 00:00:00,300.00024,53.3,26.85,80.33,81.4,27.44
30.0,68.0,2021-08-17 06:00:00,305.9,34.5,32.75,90.95,90.3,32.39
30.0,68.0,2021-08-17 12:00:00,309.6,22.8,36.45,97.61,95.4,35.22
30.0,68.0,2021-08-17 18:00:00,305.14615,33.4,32.0,89.59,88.2,31.22
30.0,68.0,2021-08-18 00:00:00,301.3675,38.6,28.22,82.79,82.0,27.78
30.0,68.0,2021-08-18 06:00:00,306.4242,30.0,33.27,91.89,90.2,32.33
30.0,68.0,2021-08-18 12:00:00,310.42218,17.7,37.27,99.09,95.6,35.33
30.0,68.0,2021-08-18 18:00:00,304.50256,25.7,31.35,88.43,85.5,29.72
30.0,68.0,2021-08-19 00:00:00,301.60388,33.1,28.45,83.22,81.7,27.61
30.0,68.0,2021-08-19 06:00:00,307.28458,26.8,34.13,93.44,91.3,32.94
30.0,68.0,2021-08-19 12:00:00,311.08456,16.8,37.93,100.28,96.7,35.94
30.0,68.0,2021-08-19 18:00:00,304.6,28.2,31.45,88.61,86.1,30.06
30.0,68.0,2021-08-20 00:00:00,301.23294,33.8,28.08,82.55,81.2,27.33
30.0,68.0,2021-08-20 06:00:00,307.16083,27.3,34.01,93.22,91.2,32.89
30.0,68.0,2021-08-20 12:00:00,311.71494,14.7,38.56,101.42,97.3,36.28
30.0,68.0,2021-08-20 18:00:00,304.98627,26.7,31.84,89.31,86.5,30.28
30.0,68.0,2021-08-21 00:00:00,301.602,35.1,28.45,83.21,81.9,27.72
30.0,68.0,2021-08-21 06:00:00,308.6157,24.1,35.47,95.84,93.5,34.17
30.0,68.0,2021-08-21 12:00:00,311.13144,16.1,37.98,100.37,96.6,35.89
30.0,68.0,2021-08-21 18:00:00,304.72238,28.4,31.57,88.83,86.3,30.17
30.0,68.0,2021-08-22 00:00:00,301.90924,37.1,28.76,83.77,82.6,28.11
30.0,68.0,2021-08-22 06:00:00,308.6708,24.2,35.52,95.94,93.7,34.28
30.0,68.0,2021-08-22 12:00:00,310.9269,16.6,37.78,100.0,96.3,35.72
30.0,68.0,2021-08-22 18:00:00,304.9112,28.4,31.76,89.17,86.7,30.39
30.0,68.0,2021-08-23 00:00:00,301.96222,34.8,28.81,83.86,82.4,28.0
30.0,68.0,2021-08-23 06:00:00,308.5389,24.6,35.39,95.7,93.5,34.17
30.0,68.0,2021-08-23 12:00:00,311.7706,14.0,38.62,101.52,97.2,36.22
30.0,68.0,2021-08-23 18:00:00,305.13147,21.2,31.98,89.57,86.1,30.06
30.0,68.0,2021-08-24 00:00:00,301.34177,33.4,28.19,82.75,81.3,27.39
30.0,68.0,2021-08-24 06:00:00,309.44156,18.6,36.29,97.32,93.8,34.33
30.0,68.0,2021-08-24 12:00:00,311.88498,10.8,38.73,101.72,96.1,35.61
30.0,68.0,2021-08-24 18:00:00,305.05408,16.0,31.9,89.43,85.5,29.72
30.0,68.0,2021-08-25 00:00:00,300.29507,30.1,27.15,80.86,79.7,26.5
30.0,68.0,2021-08-25 06:00:00,308.24857,21.5,35.1,95.18,92.0,33.33
30.0,68.0,2021-08-25 12:00:00,310.87323,12.5,37.72,99.9,95.0,35.0
30.0,68.0,2021-08-25 18:00:00,304.1683,22.4,31.02,87.83,84.6,29.22
30.0,68.0,2021-08-26 00:00:00,301.06763,25.9,27.92,82.25,80.4,26.89
30.0,68.0,2021-08-26 06:00:00,308.4765,18.9,35.33,95.59,91.9,33.28
30.0,68.0,2021-08-26 12:00:00,311.23578,14.5,38.09,100.55,96.3,35.72
30.0,68.0,2021-08-26 18:00:00,304.48575,25.1,31.34,88.4,85.4,29.67
30.0,68.0,2021-08-27 00:00:00,300.45697,32.3,27.31,81.15,80.1,26.72
30.0,68.0,2021-08-27 06:00:00,306.73212,26.8,33.58,92.45,90.1,32.28
30.0,68.0,2021-08-27 12:00:00,309.74484,21.2,36.59,97.87,95.2,35.11
30.0,68.0,2021-08-27 18:00:00,304.20847,32.2,31.06,87.91,86.0,30.0
30.0,68.0,2021-08-28 00:00:00,300.92642,40.7,27.78,82.0,81.5,27.5
30.0,68.0,2021-08-28 06:00:00,305.3336,36.6,32.18,89.93,89.5,31.94
30.0,68.0,2021-08-28 12:00:00,308.1389,29.5,34.99,94.98,94.2,34.56
30.0,68.0,2021-08-28 18:00:00,303.69458,40.3,30.54,86.98,86.7,30.39
30.0,68.0,2021-08-29 00:00:00,299.976,41.9,26.83,80.29,80.0,26.67
30.0,68.0,2021-08-29 06:00:00,304.2147,39.9,31.06,87.92,87.8,31.0
30.0,68.0,2021-08-29 12:00:00,307.57452,29.4,34.42,93.96,92.7,33.72
30.0,68.0,2021-08-29 18:00:00,303.1,37.2,29.95,85.91,84.8,29.33
30.0,68.0,2021-08-30 00:00:00,299.8863,44.3,26.74,80.13,79.9,26.61
30.0,68.0,2021-08-30 06:00:00,306.28574,30.0,33.14,91.64,89.9,32.17
30.0,68.0,2021-08-30 12:00:00,308.8751,23.1,35.73,96.31,93.8,34.33
30.0,68.0,2021-08-30 18:00:00,304.83575,32.3,31.69,89.03,87.3,30.72
30.0,68.0,2021-08-31 00:00:00,301.38577,46.1,28.24,82.82,83.0,28.33
30.0,68.0,2021-08-31 06:00:00,307.52158,28.8,34.37,93.87,92.4,33.56
30.0,68.0,2021-08-31 12:00:00,308.3863,25.9,35.24,95.43,93.6,34.22
30.0,68.0,2021-08-31 18:00:00,301.72714,37.0,28.58,83.44,82.3,27.94
30.0,68.0,2021-09-01 00:00:00,299.66724,42.6,26.52,79.73,79.4,26.33
30.0,68.0,2021-09-01 06:00:00,305.96143,29.0,32.81,91.06,88.9,31.61
30.0,68.0,2021-09-01 12:00:00,304.68768,34.3,31.54,88.77,87.4,30.78
30.0,68.0,2021-09-01 18:00:00,302.6715,32.3,29.52,85.14,83.3,28.5
30.0,68.0,2021-09-02 00:00:00,300.7453,42.1,27.6,81.67,81.4,27.44
30.0,68.0,2021-09-02 06:00:00,303.90002,39.1,30.75,87.35,86.9,30.5
30.0,68.0,2021-09-02 12:00:00,306.50146,30.5,33.35,92.03,90.5,32.5
30.0,68.0,2021-09-02 18:00:00,304.27588,39.9,31.13,88.03,87.9,31.06
30.0,68.0,2021-09-03 00:00:00,300.55096,51.8,27.4,81.32,82.3,27.94
30.0,68.0,2021-09-03 06:00:00,305.40002,33.9,32.25,90.05,88.9,31.61
30.0,68.0,2021-09-03 12:00:00,308.0432,26.2,34.89,94.81,92.9,33.83
30.0,68.0,2021-09-03 18:00:00,302.38995,38.6,29.24,84.63,83.7,28.72
30.0,68.0,2021-09-04 00:00:00,300.52695,47.3,27.38,81.28,81.7,27.61
30.0,68.0,2021-09-04 06:00:00,305.6,35.7,32.45,90.41,89.9,32.17
30.0,68.0,2021-09-04 12:00:00,307.94482,29.4,34.79,94.63,93.7,34.28
30.0,68.0,2021-09-04 18:00:00,304.81696,36.3,31.67,89.0,88.2,31.22
30.0,68.0,2021-09-05 00:00:00,301.951,44.0,28.8,83.84,83.8,28.78
30.0,68.0,2021-09-05 06:00:00,305.68604,30.8,32.54,90.56,88.8,31.56
30.0,68.0,2021-09-05 12:00:00,308.5,24.9,35.35,95.63,93.5,34.17
30.0,68.0,2021-09-05 18:00:00,304.94662,32.9,31.8,89.23,87.7,30.94
30.0,68.0,2021-09-06 00:00:00,302.41446,38.7,29.26,84.68,83.8,28.78
30.0,68.0,2021-09-06 06:00:00,305.61932,38.5,32.47,90.44,90.8,32.67
30.0,68.0,2021-09-06 12:00:00,308.55453,29.5,35.4,95.73,95.3,35.17
30.0,68.0,2021-09-06 18:00:00,306.11984,38.1,32.97,91.35,92.0,33.33
30.0,68.0,2021-09-07 00:00:00,303.708,43.3,30.56,87.0,87.5,30.83
30.0,68.0,2021-09-07 06:00:00,309.12006,26.1,35.97,96.75,95.4,35.22
30.0,68.0,2021-09-07 12:00:00,311.67084,20.1,38.52,101.34,99.3,37.39
30.0,68.0,2021-09-07 18:00:00,306.04666,28.7,32.9,91.21,89.1,31.72
30.0,68.0,2021-09-08 00:00:00,303.1563,35.5,30.01,86.01,84.6,29.22
30.0,68.0,2021-09-08 06:00:00,308.251,31.3,35.1,95.18,95.2,35.11
30.0,68.0,2021-09-08 12:00:00,310.14435,28.0,36.99,98.59,98.9,37.17
30.0,68.0,2021-09-08 18:00:00,305.29996,39.2,32.15,89.87,90.2,32.33
30.0,68.0,2021-09-09 00:00:00,301.79132,58.6,28.64,83.55,86.4,30.22
30.0,68.0,2021-09-09 06:00:00,305.4061,47.1,32.26,90.06,93.4,34.11
30.0,68.0,2021-09-09 12:00:00,307.9044,36.6,34.75,94.56,96.5,35.83
30.0,68.0,2021-09-09 18:00:00,303.00482,50.4,29.85,85.74,87.6,30.89
30.0,68.0,2021-09-10 00:00:00,302.09253,53.2,28.94,84.1,86.0,30.0
30.0,68.0,2021-09-10 06:00:00,304.3147,48.6,31.16,88.1,90.7,32.61
30.0,68.0,2021-09-10 12:00:00,306.82092,38.2,33.67,92.61,94.0,34.44
30.0,68.0,2021-09-10 18:00:00,304.8551,44.1,31.71,89.07,90.7,32.61
30.0,68.0,2021-09-11 00:00:00,302.3329,51.8,29.18,84.53,86.2,30.11
30.0,68.0,2021-09-11 06:00:00,305.78094,38.4,32.63,90.74,91.2,32.89
30.0,68.0,2021-09-11 12:00:00,307.55756,33.6,34.41,93.93,94.2,34.56
30.0,68.0,2021-09-11 18:00:00,303.4922,46.5,30.34,86.62,87.8,31.0
30.0,68.0,2021-09-12 00:00:00,300.44165,56.0,27.29,81.12,82.6,28.11
30.0,68.0,2021-09-12 06:00:00,304.8,40.2,31.65,88.97,89.3,31.83
30.0,68.0,2021-09-12 12:00:00,307.1441,31.7,33.99,93.19,92.5,33.61
30.0,68.0,2021-09-12 18:00:00,304.1551,41.1,31.01,87.81,87.9,31.06
30.0,68.0,2021-09-13 00:00:00,301.2317,50.5,28.08,82.55,83.5,28.61
30.0,68.0,2021-09-13 06:00:00,304.2683,41.9,31.12,88.01,88.4,31.33
30.0,68.0,2021-09-13 12:00:00,307.10947,28.3,33.96,93.13,91.3,32.94
30.0,68.0,2021-09-13 18:00:00,304.4843,36.6,31.33,88.4,87.5,30.83
30.0,68.0,2021-09-14 00:00:00,302.02676,44.5,28.88,83.98,84.0,28.89
30.0,68.0,2021-09-14 06:00:00,304.8147,40.5,31.66,89.0,89.4,31.89
30.0,68.0,2021-09-14 12:00:00,307.37045,31.7,34.22,93.6,93.0,33.89
30.0,68.0,2021-09-14 18:00:00,304.24213,40.7,31.09,87.97,88.1,31.17
30.0,68.0,2021-09-15 00:00:00,302.5075,45.5,29.36,84.84,85.2,29.56
30.0,68.0,2021-09-15 06:00:00,305.58627,37.9,32.44,90.39,90.6,32.56
30.0,68.0,2021-09-15 12:00:00,308.44272,28.4,35.29,95.53,94.6,34.78
30.0,68.0,2021-09-15 18:00:00,304.84875,37.0,31.7,89.06,88.5,31.39
30.0,68.0,2021-09-16 00:00:00,302.2647,44.2,29.11,84.41,84.5,29.17
30.0,68.0,2021-09-16 06:00:00,305.45883,39.0,32.31,90.16,90.6,32.56
30.0,68.0,2021-09-16 12:00:00,308.8157,26.1,35.67,96.2,94.7,34.83
30.0,68.0,2021-09-16 18:00:00,304.76108,31.5,31.61,88.9,87.0,30.56
30.0,68.0,2021-09-17 00:00:00,300.74094,49.4,27.59,81.66,82.3,27.94
30.0,68.0,2021-09-17 06:00:00,306.1999,33.5,33.05,91.49,90.7,32.61
30.0,68.0,2021-09-17 12:00:00,308.93845,21.0,35.79,96.42,93.4,34.11
30.0,68.0,2021-09-17 18:00:00,304.8,28.8,31.65,88.97,86.5,30.28
30.0,68.0,2021-09-18 00:00:00,301.1923,38.6,28.04,82.48,81.7,27.61
30.0,68.0,2021-09-18 06:00:00,307.17758,27.8,34.03,93.25,91.3,32.94
30.0,68.0,2021-09-18 12:00:00,309.73425,19.1,36.58,97.85,94.5,34.72
30.0,68.0,2021-09-18 18:00:00,305.57684,28.4,32.43,90.37,88.0,31.11
30.0,68.0,2021-09-19 00:00:00,302.40195,36.5,29.25,84.65,83.4,28.56
30.0,68.0,2021-09-19 06:00:00,307.09647,28.4,33.95,93.1,91.3,32.94
30.0,68.0,2021-09-19 12:00:00,309.47552,21.0,36.33,97.39,94.5,34.72
30.0,68.0,2021-09-19 18:00:00,304.98965,29.7,31.84,89.31,87.1,30.61
30.0,68.0,2021-09-20 00:00:00,301.64362,41.5,28.49,83.29,82.8,28.22
30.0,68.0,2021-09-20 06:00:00,307.13663,28.7,33.99,93.18,91.5,33.06
30.0,68.0,2021-09-20 12:00:00,309.30844,20.6,36.16,97.09,94.1,34.5
30.0,68.0,2021-09-20 18:00:00,304.7995,29.3,31.65,88.97,86.6,30.33
30.0,68.0,2021-09-21 00:00:00,301.53122,41.5,28.38,83.09,82.6,28.11
30.0,68.0,2021-09-21 06:00:00,306.68353,30.2,33.53,92.36,90.9,32.72
30.0,68.0,2021-09-21 12:00:00,308.35873,23.2,35.21,95.38,92.7,33.72
30.0,68.0,2021-09-21 18:00:00,304.44614,36.5,31.3,88.33,87.4,30.78
30.0,68.0,2021-09-22 00:00:00,300.33124,54.9,27.18,80.93,82.3,27.94
30.0,68.0,2021-09-22 06:00:00,302.92633,48.7,29.78,85.6,87.0,30.56
30.0,68.0,2021-09-22 12:00:00,305.19977,38.7,32.05,89.69,89.8,32.11
30.0,68.0,2021-09-22 18:00:00,302.24155,49.4,29.09,84.36,85.5,29.72
30.0,68.0,2021-09-23 00:00:00,300.31723,57.5,27.17,80.9,82.6,28.11
30.0,68.0,2021-09-23 06:00:00,304.23322,40.7,31.08,87.95,88.0,31.11
30.0,68.0,2021-09-23 12:00:00,306.3156,32.6,33.17,91.7,90.7,32.61
30.0,68.0,2021-09-23 18:00:00,301.4219,49.7,28.27,82.89,83.7,28.72
30.0,68.0,2021-09-24 00:00:00,300.06702,55.1,26.92,80.45,81.8,27.67
30.0,68.0,2021-09-24 06:00:00,303.7569,40.7,30.61,87.09,86.9,30.5
30.0,68.0,2021-09-24 12:00:00,305.32855,35.4,32.18,89.92,89.2,31.78
30.0,68.0,2021-09-24 18:00:00,302.86636,43.6,29.72,85.49,85.6,29.78
30.0,68.0,2021-09-25 00:00:00,299.83423,57.3,26.68,80.03,81.6,27.56
30.0,68.0,2021-09-25 06:00:00,302.9511,44.8,29.8,85.64,86.1,30.06
30.0,68.0,2021-09-25 12:00:00,305.34174,35.2,32.19,89.95,89.1,31.72
30.0,68.0,2021-09-25 18:00:00,302.96222,42.5,29.81,85.66,85.6,29.78
30.0,68.0,2021-09-26 00:00:00,300.1224,51.5,26.97,80.55,81.5,27.5
30.0,68.0,2021-09-26 06:00:00,304.07843,37.7,30.93,87.67,86.9,30.5
30.0,68.0,2021-09-26 12:00:00,306.70474,27.9,33.55,92.4,90.3,32.39
30.0,68.0,2021-09-26 18:00:00,303.2715,37.0,30.12,86.22,85.1,29.5
30.0,68.0,2021-09-27 00:00:00,300.91425,42.7,27.76,81.98,81.8,27.67
30.0,68.0,2021-09-27 06:00:00,304.87845,33.5,31.73,89.11,87.7,30.94
30.0,68.0,2021-09-27 12:00:00,307.0157,26.6,33.87,92.96,90.6,32.56
30.0,68.0,2021-09-27 18:00:00,303.48676,36.9,30.34,86.61,85.5,29.72
30.0,68.0,2021-09-28 00:00:00,301.24667,43.3,28.1,82.57,82.4,28.0
30.0,68.0,2021-09-28 06:00:00,304.7928,38.4,31.64,88.96,88.7,31.5
30.0,68.0,2021-09-28 12:00:00,300.76157,51.4,27.61,81.7,82.6,28.11
30.0,68.0,2021-09-28 18:00:00,301.53845,51.1,28.39,83.1,84.2,29.0
30.0,68.0,2021-09-29 00:00:00,300.2,53.3,27.05,80.69,81.8,27.67
30.0,68.0,2021-09-29 06:00:00,305.0683,38.2,31.92,89.45,89.3,31.83
30.0,68.0,2021-09-29 12:00:00,307.8,28.7,34.65,94.37,93.1,33.94
30.0,68.0,2021-09-29 18:00:00,304.1559,36.8,31.01,87.81,86.9,30.5
30.0,68.0,2021-09-30 00:00:00,302.18793,40.6,29.04,84.27,83.7,28.72
30.0,68.0,2021-09-30 06:00:00,304.80557,38.0,31.66,88.98,88.7,31.5
30.0,68.0,2021-09-30 12:00:00,307.78506,27.4,34.64,94.34,92.6,33.67
30.0,68.0,2021-09-30 18:00:00,302.83893,48.1,29.69,85.44,86.6,30.33
30.0,68.0,2021-10-01 00:00:00,299.6294,61.4,26.48,79.66,81.5,27.5
30.0,68.0,2021-10-01 06:00:00,303.15567,49.3,30.01,86.01,87.7,30.94
30.0,68.0,2021-10-01 12:00:00,302.07785,54.0,28.93,84.07,86.1,30.06
30.0,68.0,2021-10-01 18:00:00,300.8189,57.6,27.67,81.8,83.7,28.72
30.0,68.0,2021-10-02 00:00:00,299.63663,60.1,26.49,79.68,81.4,27.44
30.0,68.0,2021-10-02 06:00:00,302.49823,49.2,29.35,84.83,86.0,30.0
30.0,68.0,2021-10-02 12:00:00,304.72943,38.8,31.58,88.84,88.7,31.5
30.0,68.0,2021-10-02 18:00:00,302.08295,47.7,28.93,84.08,84.8,29.33
30.0,68.0,2021-10-03 00:00:00,299.42987,54.3,26.28,79.3,79.5,26.39
30.0,68.0,2021-10-03 06:00:00,303.09683,40.9,29.95,85.9,85.5,29.72
30.0,68.0,2021-10-03 12:00:00,306.75464,21.7,33.6,92.49,89.1,31.72
30.0,68.0,2021-10-03 18:00:00,302.06473,38.0,28.91,84.05,83.0,28.33
30.0,68.0,2021-10-04 00:00:00,299.14032,25.5,25.99,78.78,77.6,25.33
30.0,68.0,2021-10-04 06:00:00,304.64313,17.2,31.49,88.69,84.9,29.39
30.0,68.0,2021-10-04 12:00:00,306.35098,10.0,33.2,91.76,86.7,30.39
30.0,68.0,2021-10-04 18:00:00,300.71692,14.6,27.57,81.62,79.4,26.33
30.0,68.0,2021-10-05 00:00:00,297.7059,15.9,24.56,76.2,74.3,23.5
30.0,68.0,2021-10-05 06:00:00,304.57062,17.5,31.42,88.56,84.8,29.33
30.0,68.0,2021-10-05 12:00:00,306.00784,19.7,32.86,91.14,87.4,30.78
30.0,68.0,2021-10-05 18:00:00,301.04272,36.3,27.89,82.21,81.2,27.33
30.0,68.0,2021-10-06 00:00:00,298.75354,44.0,25.6,78.09,77.7,25.39
30.0,68.0,2021-10-06 06:00:00,303.3294,35.5,30.18,86.32,84.9,29.39
30.0,68.0,2021-10-06 12:00:00,305.70035,24.6,32.55,90.59,87.5,30.83
30.0,68.0,2021-10-06 18:00:00,301.18835,33.2,28.04,82.47,81.1,27.28
30.0,68.0,2021-10-07 00:00:00,298.5377,36.6,25.39,77.7,76.9,24.94
30.0,68.0,2021-10-07 06:00:00,304.54504,19.8,31.4,88.51,85.0,29.44
30.0,68.0,2021-10-07 12:00:00,306.56122,9.2,33.41,92.14,86.8,30.44
30.0,68.0,2021-10-07 18:00:00,299.98215,15.5,26.83,80.3,78.8,26.0
30.0,68.0,2021-10-08 00:00:00,297.37115,13.0,24.22,75.6,73.5,23.06
30.0,68.0,2021-10-08 06:00:00,304.89835,8.6,31.75,89.15,84.4,29.11
30.0,68.0,2021-10-08 12:00:00,307.05548,7.7,33.91,93.03,87.2,30.67
30.0,68.0,2021-10-08 18:00:00,300.79773,14.1,27.65,81.77,79.5,26.39
30.0,68.0,2021-10-09 00:00:00,298.0077,18.7,24.86,76.74,75.0,23.89
30.0,68.0,2021-10-09 06:00:00,305.3357,11.2,32.19,89.93,85.5,29.72
30.0,68.0,2021-10-09 12:00:00,307.61505,8.6,34.47,94.04,88.3,31.28
30.0,68.0,2021-10-09 18:00:00,300.46848,12.7,27.32,81.17,79.6,26.44
30.0,68.0,2021-10-10 00:00:00,297.02744,13.3,23.88,74.98,72.8,22.67
30.0,68.0,2021-10-10 06:00:00,304.80734,7.9,31.66,88.98,84.1,28.94
30.0,68.0,2021-10-10 12:00:00,305.20782,10.0,32.06,89.7,85.0,29.44
30.0,68.0,2021-10-10 18:00:00,297.4221,16.7,24.27,75.69,73.7,23.17
30.0,68.0,2021-10-11 00:00:00,293.99387,12.4,20.84,69.52,66.8,19.33
30.0,68.0,2021-10-11 06:00:00,301.42847,6.1,28.28,82.9,79.4,26.33
30.0,68.0,2021-10-11 12:00:00,303.26825,7.0,30.12,86.21,81.9,27.72
30.0,68.0,2021-10-11 18:00:00,297.22217,9.7,24.07,75.33,73.0,22.78
30.0,68.0,2021-10-12 00:00:00,293.41757,9.0,20.27,68.48,65.5,18.61
30.0,68.0,2021-10-12 06:00:00,301.00598,6.9,27.86,82.14,78.9,26.06
30.0,68.0,2021-10-12 12:00:00,302.54483,5.7,29.39,84.91,80.8,27.11
30.0,68.0,2021-10-12 18:00:00,295.98047,10.9,22.83,73.09,70.6,21.44
30.0,68.0,2021-10-13 00:00:00,293.58456,10.4,20.43,68.78,65.8,18.78
30.0,68.0,2021-10-13 06:00:00,301.63474,6.1,28.48,83.27,79.6,26.44
30.0,68.0,2021-10-13 12:00:00,303.14276,4.8,29.99,85.99,81.5,27.5
30.0,68.0,2021-10-13 18:00:00,295.5795,8.0,22.43,72.37,69.7,20.94
30.0,68.0,2021-10-14 00:00:00,293.08844,8.0,19.94,67.89,64.8,18.22
30.0,68.0,2021-10-14 06:00:00,301.9699,4.3,28.82,83.88,79.9,26.61
30.0,68.0,2021-10-14 12:00:00,303.37393,3.8,30.22,86.4,81.7,27.61
30.0,68.0,2021-10-14 18:00:00,295.28058,7.8,22.13,71.84,69.1,20.61
30.0,68.0,2021-10-15 00:00:00,292.16724,8.9,19.02,66.23,63.0,17.22
30.0,68.0,2021-10-15 06:00:00,301.7477,4.7,28.6,83.48,79.6,26.44
30.0,68.0,2021-10-15 12:00:00,303.18628,4.4,30.04,86.07,81.5,27.5
30.0,68.0,2021-10-15 18:00:00,295.1363,8.1,21.99,71.58,68.8,20.44
30.0,68.0,2021-10-16 00:00:00,292.2241,9.1,19.07,66.33,63.1,17.28
30.0,68.0,2021-10-16 06:00:00,301.4035,5.1,28.25,82.86,79.2,26.22
30.0,68.0,2021-10-16 12:00:00,302.61493,5.0,29.46,85.04,80.8,27.11
30.0,68.0,2021-10-16 18:00:00,295.1382,8.9,21.99,71.58,68.9,20.5
30.0,68.0,2021-10-17 00:00:00,292.99902,9.1,19.85,67.73,64.6,18.11
30.0,68.0,2021-10-17 06:00:00,301.68112,5.1,28.53,83.36,79.6,26.44
30.0,68.0,2021-10-17 12:00:00,302.1597,6.0,29.01,84.22,80.3,26.83
30.0,68.0,2021-10-17 18:00:00,295.6389,9.9,22.49,72.48,69.9,21.06
30.0,68.0,2021-10-18 00:00:00,293.35336,11.6,20.2,68.37,65.5,18.61
30.0,68.0,2021-10-18 06:00:00,301.2968,7.1,28.15,82.66,79.3,26.28
30.0,68.0,2021-10-18 12:00:00,302.33307,6.5,29.18,84.53,80.6,27.0
30.0,68.0,2021-10-18 18:00:00,295.20987,10.5,22.06,71.71,69.1,20.61
30.0,68.0,2021-10-19 00:00:00,293.0349,10.4,19.88,67.79,64.8,18.22
30.0,68.0,2021-10-19 06:00:00,301.09302,6.9,27.94,82.3,79.0,26.11
30.0,68.0,2021-10-19 12:00:00,302.41824,4.8,29.27,84.68,80.5,26.94
30.0,68.0,2021-10-19 18:00:00,295.2712,8.3,22.12,71.82,69.1,20.61
30.0,68.0,2021-10-20 00:00:00,292.59216,11.3,19.44,67.0,63.9,17.72
30.0,68.0,2021-10-20 06:00:00,302.10547,6.0,28.96,84.12,80.2,26.78
30.0,68.0,2021-10-20 12:00:00,303.63574,6.4,30.49,86.87,82.3,27.94
30.0,68.0,2021-10-20 18:00:00,295.95325,11.4,22.8,73.05,70.6,21.44
30.0,68.0,2021-10-21 00:00:00,293.34662,14.6,20.2,68.35,65.6,18.67
30.0,68.0,2021-10-21 06:00:00,301.43488,7.8,28.28,82.91,79.6,26.44
30.0,68.0,2021-10-21 12:00:00,302.19324,8.8,29.04,84.28,80.7,27.06
30.0,68.0,2021-10-21 18:00:00,295.19324,15.1,22.04,71.68,69.3,20.72
30.0,68.0,2021-10-22 00:00:00,293.24408,15.9,20.09,68.17,65.4,18.56
30.0,68.0,2021-10-22 06:00:00,301.4466,10.5,28.3,82.93,80.0,26.67
30.0,68.0,2021-10-22 12:00:00,303.7492,9.0,30.6,87.08,82.8,28.22
30.0,68.0,2021-10-22 18:00:00,293.6923,18.8,20.54,68.98,66.5,19.17
30.0,68.0,2021-10-23 00:00:00,291.26663,18.2,18.12,64.61,61.6,16.44
30.0,68.0,2021-10-23 06:00:00,298.7788,10.0,25.63,78.13,76.1,24.5
30.0,68.0,2021-10-23 12:00:00,300.177,8.5,27.03,80.65,78.8,26.0
30.0,68.0,2021-10-23 18:00:00,293.23254,13.8,20.08,68.15,65.3,18.5
30.0,68.0,2021-10-24 00:00:00,290.40002,14.3,17.25,63.05,59.7,15.39
30.0,68.0,2021-10-24 06:00:00,297.914,8.6,24.76,76.58,74.3,23.5
30.0,68.0,2021-10-24 12:00:00,297.997,22.8,24.85,76.72,75.2,24.0
30.0,68.0,2021-10-24 18:00:00,293.3581,33.0,20.21,68.37,66.5,19.17
30.0,68.0,2021-10-25 00:00:00,290.09784,43.0,16.95,62.51,60.5,15.83
30.0,68.0,2021-10-25 06:00:00,295.43988,37.6,22.29,72.12,70.8,21.56
30.0,68.0,2021-10-25 12:00:00,296.56955,32.8,23.42,74.16,72.8,22.67
30.0,68.0,2021-10-25 18:00:00,291.51062,49.5,18.36,65.05,63.6,17.56
30.0,68.0,2021-10-26 00:00:00,289.97583,53.9,16.83,62.29,60.8,16.0
30.0,68.0,2021-10-26 06:00:00,295.93533,34.8,22.79,73.01,71.6,22.0
30.0,68.0,2021-10-26 12:00:00,297.36993,29.0,24.22,75.6,74.2,23.44
30.0,68.0,2021-10-26 18:00:00,291.97574,38.7,18.83,65.89,64.0,17.78
30.0,68.0,2021-10-27 00:00:00,290.01688,21.2,16.87,62.36,59.3,15.17
30.0,68.0,2021-10-27 06:00:00,297.9964,16.8,24.85,76.72,74.9,23.83
30.0,68.0,2021-10-27 12:00:00,298.79364,12.0,25.64,78.16,76.2,24.56
30.0,68.0,2021-10-27 18:00:00,292.35608,24.8,19.21,66.57,64.1,17.83
30.0,68.0,2021-10-28 00:00:00,290.1339,25.0,16.98,62.57,59.7,15.39
30.0,68.0,2021-10-28 06:00:00,297.55826,15.9,24.41,75.93,74.0,23.33
30.0,68.0,2021-10-28 12:00:00,298.96204,9.9,25.81,78.46,76.5,24.72
30.0,68.0,2021-10-28 18:00:00,292.1978,19.1,19.05,66.29,63.5,17.5
30.0,68.0,2021-10-29 00:00:00,290.55292,20.4,17.4,63.33,60.3,15.72
30.0,68.0,2021-10-29 06:00:00,299.076,12.5,25.93,78.67,76.8,24.89
30.0,68.0,2021-10-29 12:00:00,300.36224,13.1,27.21,80.98,79.4,26.33
30.0,68.0,2021-10-29 18:00:00,293.92194,19.3,20.77,69.39,66.9,19.39
30.0,68.0,2021-10-30 00:00:00,291.73572,25.0,18.59,65.45,62.9,17.17
30.0,68.0,2021-10-30 06:00:00,299.66467,11.9,26.51,79.73,78.0,25.56
30.0,68.0,2021-10-30 12:00:00,300.6485,10.4,27.5,81.5,79.8,26.56
30.0,68.0,2021-10-30 18:00:00,293.88275,14.0,20.73,69.32,66.6,19.22
30.0,68.0,2021-10-31 00:00:00,291.41165,14.9,18.26,64.87,61.8,16.56
30.0,68.0,2021-10-31 06:00:00,299.3058,9.4,26.16,79.08,77.1,25.06
30.0,68.0,2021-10-31 12:00:00,300.61395,10.1,27.46,81.44,79.8,26.56
30.0,68.0,2021-10-31 18:00:00,293.5123,15.8,20.36,68.65,66.0,18.89
30.0,68.0,2021-11-01 00:00:00,291.26044,19.7,18.11,64.6,61.7,16.5
30.0,68.0,2021-11-01 06:00:00,298.98856,12.5,25.84,78.51,76.6,24.78
30.0,68.0,2021-11-01 12:00:00,299.85733,11.5,26.71,80.07,78.3,25.72
30.0,68.0,2021-11-01 18:00:00,293.34888,16.9,20.2,68.36,65.7,18.72
30.0,68.0,2021-11-02 00:00:00,290.2039,21.9,17.05,62.7,59.7,15.39
30.0,68.0,2021-11-02 06:00:00,297.59796,19.4,24.45,76.01,74.2,23.44
30.0,68.0,2021-11-02 12:00:00,297.78207,15.7,24.63,76.34,74.4,23.56
30.0,68.0,2021-11-02 18:00:00,291.96973,23.7,18.82,65.88,63.3,17.39
30.0,68.0,2021-11-03 00:00:00,289.11227,29.3,15.96,60.73,57.9,14.39
30.0,68.0,2021-11-03 06:00:00,296.53284,24.2,23.38,74.09,72.3,22.39
30.0,68.0,2021-11-03 12:00:00,296.56668,26.0,23.42,74.15,72.5,22.5
30.0,68.0,2021-11-03 18:00:00,290.88678,40.0,17.74,63.93,61.9,16.61
30.0,68.0,2021-11-04 00:00:00,289.28033,40.2,16.13,61.03,58.7,14.83
30.0,68.0,2021-11-04 06:00:00,296.42017,24.9,23.27,73.89,72.1,22.28
30.0,68.0,2021-11-04 12:00:00,297.1973,20.4,24.05,75.29,73.5,23.06
30.0,68.0,2021-11-04 18:00:00,290.97693,34.5,17.83,64.09,61.8,16.56
30.0,68.0,2021-11-05 00:00:00,289.39435,34.4,16.24,61.24,58.7,14.83
30.0,68.0,2021-11-05 06:00:00,297.52704,19.1,24.38,75.88,74.1,23.39
30.0,68.0,2021-11-05 12:00:00,298.69806,17.4,25.55,77.99,76.3,24.61
30.0,68.0,2021-11-05 18:00:00,292.555,26.8,19.4,66.93,64.6,18.11
30.0,68.0,2021-11-06 00:00:00,290.52493,29.5,17.37,63.27,60.7,15.94
30.0,68.0,2021-11-06 06:00:00,297.2402,20.8,24.09,75.36,73.6,23.11
30.0,68.0,2021-11-06 12:00:00,297.3393,20.3,24.19,75.54,73.7,23.17
30.0,68.0,2021-11-06 18:00:00,291.42502,30.2,18.28,64.9,62.5,16.94
30.0,68.0,2021-11-07 00:00:00,289.7113,31.0,16.56,61.81,59.1,15.06
30.0,68.0,2021-11-07 06:00:00,297.7503,18.8,24.6,76.28,74.5,23.61
30.0,68.0,2021-11-07 12:00:00,298.3048,18.8,25.15,77.28,75.6,24.22
30.0,68.0,2021-11-07 18:00:00,292.2793,28.7,19.13,66.43,64.1,17.83
30.0,68.0,2021-11-08 00:00:00,290.69305,29.6,17.54,63.58,61.0,16.11
30.0,68.0,2021-11-08 06:00:00,298.73566,18.0,25.59,78.05,76.4,24.67
30.0,68.0,2021-11-08 12:00:00,298.89603,17.7,25.75,78.34,76.7,24.83
30.0,68.0,2021-11-08 18:00:00,292.83185,27.3,19.68,67.43,65.2,18.44
30.0,68.0,2021-11-09 00:00:00,290.93124,27.4,17.78,64.01,61.4,16.33
30.0,68.0,2021-11-09 06:00:00,298.79315,17.3,25.64,78.16,76.5,24.72
30.0,68.0,2021-11-09 12:00:00,298.88446,13.7,25.73,78.32,76.5,24.72
30.0,68.0,2021-11-09 18:00:00,292.87146,19.9,19.72,67.5,64.9,18.28
30.0,68.0,2021-11-10 00:00:00,290.4106,20.8,17.26,63.07,60.1,15.61
30.0,68.0,2021-11-10 06:00:00,297.4667,13.1,24.32,75.77,73.7,23.17
30.0,68.0,2021-11-10 12:00:00,297.49,10.6,24.34,75.81,73.6,23.11
30.0,68.0,2021-11-10 18:00:00,291.48312,20.9,18.33,65.0,62.2,16.78
30.0,68.0,2021-11-11 00:00:00,288.96997,23.4,15.82,60.48,57.3,14.06
30.0,68.0,2021-11-11 06:00:00,296.5819,13.0,23.43,74.18,71.9,22.17
30.0,68.0,2021-11-11 12:00:00,296.47177,12.8,23.32,73.98,71.7,22.06
30.0,68.0,2021-11-11 18:00:00,290.57132,18.2,17.42,63.36,60.3,15.72
30.0,68.0,2021-11-12 00:00:00,288.6266,18.4,15.48,59.86,56.4,13.56
30.0,68.0,2021-11-12 06:00:00,296.53854,11.2,23.39,74.1,71.7,22.06
30.0,68.0,2021-11-12 12:00:00,296.1163,11.0,22.97,73.34,70.9,21.61
30.0,68.0,2021-11-12 18:00:00,289.68033,15.6,16.53,61.75,58.4,14.67
30.0,68.0,2021-11-13 00:00:00,287.83325,15.2,14.68,58.43,54.7,12.61
30.0,68.0,2021-11-13 06:00:00,296.38785,8.4,23.24,73.83,71.3,21.83
30.0,68.0,2021-11-13 12:00:00,295.58072,7.3,22.43,72.38,69.7,20.94
30.0,68.0,2021-11-13 18:00:00,288.64114,9.6,15.49,59.88,56.0,13.33
30.0,68.0,2021-11-14 00:00:00,286.60583,9.8,13.46,56.22,52.0,11.11
30.0,68.0,2021-11-14 06:00:00,295.6593,5.9,22.51,72.52,69.7,20.94
30.0,68.0,2021-11-14 12:00:00,296.00232,8.9,22.85,73.13,70.6,21.44
30.0,68.0,2021-11-14 18:00:00,289.46014,14.4,16.31,61.36,57.9,14.39
30.0,68.0,2021-11-15 00:00:00,287.64154,13.5,14.49,58.08,54.2,12.33
30.0,68.0,2021-11-15 06:00:00,295.8248,8.1,22.67,72.81,70.2,21.22
30.0,68.0,2021-11-15 12:00:00,295.24167,9.0,22.09,71.77,69.1,20.61
30.0,68.0,2021-11-15 18:00:00,288.62363,13.8,15.47,59.85,56.2,13.44
30.0,68.0,2021-11-16 00:00:00,286.559,15.6,13.41,56.14,52.2,11.22
30.0,68.0,2021-11-16 06:00:00,295.40393,9.9,22.25,72.06,69.4,20.78
30.0,68.0,2021-11-16 12:00:00,294.42438,11.2,21.27,70.29,67.5,19.72
30.0,68.0,2021-11-16 18:00:00,288.19794,16.2,15.05,59.09,55.5,13.06
30.0,68.0,2021-11-17 00:00:00,286.89713,17.9,13.75,56.74,53.0,11.67
30.0,68.0,2021-11-17 06:00:00,295.05225,11.4,21.9,71.42,68.8,20.44
30.0,68.0,2021-11-17 12:00:00,294.20264,12.8,21.05,69.89,67.2,19.56
30.0,68.0,2021-11-17 18:00:00,287.8282,19.1,14.68,58.42,54.9,12.72
30.0,68.0,2021-11-18 00:00:00,286.366,20.2,13.22,55.79,52.0,11.11
30.0,68.0,2021-11-18 06:00:00,294.61465,11.8,21.46,70.64,68.0,20.0
30.0,68.0,2021-11-18 12:00:00,294.45853,12.0,21.31,70.36,67.7,19.83
30.0,68.0,2021-11-18 18:00:00,288.0499,20.7,14.9,58.82,55.4,13.0
30.0,68.0,2021-11-19 00:00:00,286.4226,26.9,13.27,55.89,52.4,11.33
30.0,68.0,2021-11-19 06:00:00,294.56516,16.8,21.42,70.55,68.1,20.06
30.0,68.0,2021-11-19 12:00:00,293.87933,17.2,20.73,69.31,66.7,19.28
30.0,68.0,2021-11-19 18:00:00,287.97342,24.4,14.82,58.68,55.4,13.0
30.0,68.0,2021-11-20 00:00:00,286.38376,25.7,13.23,55.82,52.3,11.28
30.0,68.0,2021-11-20 06:00:00,294.15836,14.6,21.01,69.82,67.2,19.56
30.0,68.0,2021-11-20 12:00:00,293.37698,16.0,20.23,68.41,65.7,18.72
30.0,68.0,2021-11-20 18:00:00,287.9237,21.9,14.77,58.59,55.2,12.89
30.0,68.0,2021-11-21 00:00:00,286.42374,23.4,13.27,55.89,52.3,11.28
30.0,68.0,2021-11-21 06:00:00,294.62775,14.4,21.48,70.66,68.1,20.06
30.0,68.0,2021-11-21 12:00:00,294.09814,14.4,20.95,69.71,67.1,19.5
30.0,68.0,2021-11-21 18:00:00,288.31436,19.3,15.16,59.3,55.8,13.22
30.0,68.0,2021-11-22 00:00:00,286.6355,12.8,13.49,56.27,52.2,11.22
30.0,68.0,2021-11-22 06:00:00,295.76932,7.1,22.62,72.71,70.0,21.11
30.0,68.0,2021-11-22 12:00:00,294.21954,8.9,21.07,69.93,67.0,19.44
30.0,68.0,2021-11-22 18:00:00,289.58362,13.0,16.43,61.58,58.0,14.44
30.0,68.0,2021-11-23 00:00:00,288.1043,19.5,14.95,58.92,55.4,13.0
30.0,68.0,2021-11-23 06:00:00,296.48236,11.4,23.33,74.0,71.6,22.0
30.0,68.0,2021-11-23 12:00:00,296.0619,12.8,22.91,73.24,70.9,21.61
30.0,68.0,2021-11-23 18:00:00,290.35355,20.8,17.2,62.97,59.9,15.5
30.0,68.0,2021-11-24 00:00:00,289.3104,30.9,16.16,61.09,58.4,14.67
30.0,68.0,2021-11-24 06:00:00,297.53036,19.5,24.38,75.88,74.1,23.39
30.0,68.0,2021-11-24 12:00:00,296.7442,18.6,23.59,74.47,72.5,22.5
30.0,68.0,2021-11-24 18:00:00,290.3419,27.5,17.19,62.95,60.2,15.67
30.0,68.0,2021-11-25 00:00:00,288.04553,31.4,14.9,58.81,55.9,13.28
30.0,68.0,2021-11-25 06:00:00,295.9159,18.3,22.77,72.98,70.8,21.56
30.0,68.0,2021-11-25 12:00:00,295.1239,17.6,21.97,71.55,69.2,20.67
30.0,68.0,2021-11-25 18:00:00,288.94678,23.4,15.8,60.43,57.3,14.06
30.0,68.0,2021-11-26 00:00:00,286.94254,19.4,13.79,56.83,53.1,11.72
30.0,68.0,2021-11-26 06:00:00,294.92212,12.0,21.77,71.19,68.6,20.33
30.0,68.0,2021-11-26 12:00:00,293.35175,11.4,20.2,68.36,65.4,18.56
30.0,68.0,2021-11-26 18:00:00,287.2324,16.0,14.08,57.35,53.5,11.94
30.0,68.0,2021-11-27 00:00:00,285.6488,15.2,12.5,54.5,50.4,10.22
30.0,68.0,2021-11-27 06:00:00,294.60202,9.3,21.45,70.61,67.8,19.89
30.0,68.0,2021-11-27 12:00:00,292.96124,12.0,19.81,67.66,64.7,18.17
30.0,68.0,2021-11-27 18:00:00,287.87698,15.6,14.73,58.51,54.8,12.67
30.0,68.0,2021-11-28 00:00:00,286.2688,17.7,13.12,55.61,51.7,10.94
30.0,68.0,2021-11-28 06:00:00,294.48984,12.0,21.34,70.41,67.7,19.83
30.0,68.0,2021-11-28 12:00:00,292.9583,14.6,19.81,67.65,64.8,18.22
30.0,68.0,2021-11-28 18:00:00,287.1115,21.6,13.96,57.13,53.6,12.0
30.0,68.0,2021-11-29 00:00:00,285.9539,24.8,12.8,55.05,51.4,10.78
30.0,68.0,2021-11-29 06:00:00,293.97565,15.2,20.83,69.49,66.9,19.39
30.0,68.0,2021-11-29 12:00:00,293.23663,17.9,20.09,68.16,65.5,18.61
30.0,68.0,2021-11-29 18:00:00,287.36157,26.3,14.21,57.58,54.3,12.39
30.0,68.0,2021-11-30 00:00:00,285.892,28.8,12.74,54.94,51.5,10.83
30.0,68.0,2021-11-30 06:00:00,293.46317,18.2,20.31,68.56,66.0,18.89
30.0,68.0,2021-11-30 12:00:00,292.73,20.8,19.58,67.24,64.6,18.11
30.0,68.0,2021-11-30 18:00:00,286.84235,30.0,13.69,56.65,53.4,11.89
30.0,68.0,2021-12-01 00:00:00,285.07993,32.6,11.93,53.47,50.0,10.0
30.0,68.0,2021-12-01 06:00:00,293.2916,19.6,20.14,68.25,65.7,18.72
30.0,68.0,2021-12-01 12:00:00,292.72668,21.1,19.58,67.24,64.7,18.17
30.0,68.0,2021-12-01 18:00:00,287.18066,29.2,14.03,57.26,54.1,12.28
30.0,68.0,2021-12-02 00:00:00,285.50177,31.8,12.35,54.23,50.8,10.44
30.0,68.0,2021-12-02 06:00:00,293.55905,19.5,20.41,68.74,66.2,19.0
30.0,68.0,2021-12-02 12:00:00,292.91806,20.5,19.77,67.58,65.0,18.33
30.0,68.0,2021-12-02 18:00:00,286.6651,30.8,13.52,56.33,53.1,11.72
30.0,68.0,2021-12-03 00:00:00,285.03488,32.6,11.88,53.39,50.0,10.0
30.0,68.0,2021-12-03 06:00:00,293.04956,20.4,19.9,67.82,65.3,18.5
30.0,68.0,2021-12-03 12:00:00,292.5262,20.6,19.38,66.88,64.2,17.89
30.0,68.0,2021-12-03 18:00:00,286.4187,31.1,13.27,55.88,52.6,11.44
30.0,68.0,2021-12-04 00:00:00,284.7599,32.4,11.61,52.9,49.4,9.67
30.0,68.0,2021-12-04 06:00:00,292.17932,20.8,19.03,66.25,63.6,17.56
30.0,68.0,2021-12-04 12:00:00,291.16837,21.0,18.02,64.43,61.6,16.44
30.0,68.0,2021-12-04 18:00:00,285.92032,31.6,12.77,54.99,51.7,10.94
30.0,68.0,2021-12-05 00:00:00,284.54663,37.0,11.4,52.51,49.2,9.56
30.0,68.0,2021-12-05 06:00:00,291.7416,25.3,18.59,65.46,62.9,17.17
30.0,68.0,2021-12-05 12:00:00,291.6529,27.8,18.5,65.31,62.8,17.11
30.0,68.0,2021-12-05 18:00:00,286.73843,31.1,13.59,56.46,53.3,11.83
30.0,68.0,2021-12-06 00:00:00,284.59177,25.6,11.44,52.6,48.8,9.33
30.0,68.0,2021-12-06 06:00:00,291.8516,20.6,18.7,65.66,62.9,17.17
30.0,68.0,2021-12-06 12:00:00,291.19644,21.5,18.05,64.48,61.6,16.44
30.0,68.0,2021-12-06 18:00:00,285.60706,30.6,12.46,54.42,51.0,10.56
30.0,68.0,2021-12-07 00:00:00,284.12476,32.4,10.97,51.75,48.1,8.94
30.0,68.0,2021-12-07 06:00:00,290.9043,21.1,17.75,63.96,61.0,16.11
30.0,68.0,2021-12-07 12:00:00,290.24762,23.3,17.1,62.78,59.9,15.5
30.0,68.0,2021-12-07 18:00:00,284.38364,34.6,11.23,52.22,48.8,9.33
30.0,68.0,2021-12-08 00:00:00,283.15372,21.0,10.0,50.01,45.7,7.61
30.0,68.0,2021-12-08 06:00:00,291.91486,10.0,18.76,65.78,62.5,16.94
30.0,68.0,2021-12-08 12:00:00,290.0529,14.8,16.9,62.43,59.1,15.06
30.0,68.0,2021-12-08 18:00:00,284.26718,18.7,11.12,52.01,47.8,8.78
30.0,68.0,2021-12-09 00:00:00,282.09317,20.2,8.94,48.1,43.6,6.44
30.0,68.0,2021-12-09 06:00:00,291.55234,11.0,18.4,65.12,61.8,16.56
30.0,68.0,2021-12-09 12:00:00,290.21075,15.2,17.06,62.71,59.4,15.22
30.0,68.0,2021-12-09 18:00:00,284.09818,23.8,10.95,51.71,47.7,8.72
30.0,68.0,2021-12-10 00:00:00,282.38898,24.0,9.24,48.63,44.3,6.83
30.0,68.0,2021-12-10 06:00:00,290.83124,17.2,17.68,63.83,60.7,15.94
30.0,68.0,2021-12-10 12:00:00,289.91306,19.7,16.76,62.17,59.0,15.0
30.0,68.0,2021-12-10 18:00:00,283.70255,30.1,10.55,50.99,47.2,8.44
30.0,68.0,2021-12-11 00:00:00,281.5958,30.6,8.45,47.2,43.1,6.17
30.0,68.0,2021-12-11 06:00:00,290.54727,17.5,17.4,63.32,60.2,15.67
30.0,68.0,2021-12-11 12:00:00,289.76865,18.5,16.62,61.91,58.7,14.83
30.0,68.0,2021-12-11 18:00:00,283.65726,28.5,10.51,50.91,47.0,8.33
30.0,68.0,2021-12-12 00:00:00,282.54602,27.6,9.4,48.91,44.8,7.11
30.0,68.0,2021-12-12 06:00:00,290.48105,16.9,17.33,63.2,60.0,15.56
30.0,68.0,2021-12-12 12:00:00,289.4894,18.9,16.34,61.41,58.1,14.5
30.0,68.0,2021-12-12 18:00:00,283.4156,28.7,10.27,50.48,46.6,8.11
30.0,68.0,2021-12-13 00:00:00,281.278,28.1,8.13,46.63,42.3,5.72
30.0,68.0,2021-12-13 06:00:00,289.43488,19.1,16.28,61.31,58.0,14.44
30.0,68.0,2021-12-13 12:00:00,288.46085,17.1,15.31,59.56,56.0,13.33
30.0,68.0,2021-12-13 18:00:00,282.5264,24.8,9.38,48.88,44.6,7.0
30.0,68.0,2021-12-14 00:00:00,280.61243,18.1,7.46,45.43,40.5,4.72
30.0,68.0,2021-12-14 06:00:00,287.91046,11.1,14.76,58.57,54.6,12.56
30.0,68.0,2021-12-14 12:00:00,286.9731,11.5,13.82,56.88,52.8,11.56
30.0,68.0,2021-12-14 18:00:00,281.51178,13.6,8.36,47.05,42.1,5.61
30.0,68.0,2021-12-15 00:00:00,279.21362,14.3,6.06,42.91,37.6,3.11
30.0,68.0,2021-12-15 06:00:00,286.94507,9.2,13.8,56.83,52.6,11.44
30.0,68.0,2021-12-15 12:00:00,285.71808,7.7,12.57,54.62,50.1,10.06
30.0,68.0,2021-12-15 18:00:00,280.22775,18.7,7.08,44.74,39.8,4.33
30.0,68.0,2021-12-16 00:00:00,277.7007,18.8,4.55,40.19,34.8,1.56
30.0,68.0,2021-12-16 06:00:00,285.543,9.5,12.39,54.31,49.9,9.94
30.0,68.0,2021-12-16 12:00:00,284.72632,11.2,11.58,52.84,48.4,9.11
30.0,68.0,2021-12-16 18:00:00,279.74786,11.8,6.6,43.88,38.5,3.61
30.0,68.0,2021-12-17 00:00:00,277.85184,15.4,4.7,40.46,34.9,1.61
30.0,68.0,2021-12-17 06:00:00,287.09415,6.8,13.94,57.1,52.8,11.56
30.0,68.0,2021-12-17 12:00:00,284.9455,8.9,11.8,53.23,48.7,9.28
30.0,68.0,2021-12-17 18:00:00,278.76337,12.3,5.61,42.1,36.6,2.56
30.0,68.0,2021-12-18 00:00:00,277.55557,14.3,4.41,39.93,34.3,1.28
30.0,68.0,2021-12-18 06:00:00,287.25037,6.4,14.1,57.38,53.1,11.72
30.0,68.0,2021-12-18 12:00:00,285.7582,8.5,12.61,54.69,50.3,10.17
30.0,68.0,2021-12-18 18:00:00,280.53387,11.4,7.38,45.29,40.1,4.5
30.0,68.0,2021-12-19 00:00:00,279.67746,12.6,6.53,43.75,38.4,3.56
30.0,68.0,2021-12-19 06:00:00,288.65335,6.8,15.5,59.91,55.9,13.28
30.0,68.0,2021-12-19 12:00:00,288.1281,8.7,14.98,58.96,55.0,12.78
30.0,68.0,2021-12-19 18:00:00,282.77374,11.5,9.62,49.32,44.5,6.94
30.0,68.0,2021-12-20 00:00:00,281.83847,14.3,8.69,47.64,42.8,6.0
30.0,68.0,2021-12-20 06:00:00,289.93427,8.7,16.78,62.21,58.5,14.72
30.0,68.0,2021-12-20 12:00:00,289.7222,10.9,16.57,61.83,58.2,14.56
30.0,68.0,2021-12-20 18:00:00,284.61896,19.4,11.47,52.64,48.5,9.17
30.0,68.0,2021-12-21 00:00:00,283.85117,32.7,10.7,51.26,47.6,8.67
30.0,68.0,2021-12-21 06:00:00,292.52335,17.4,19.37,66.87,64.1,17.83
30.0,68.0,2021-12-21 12:00:00,290.23596,12.6,17.09,62.75,59.3,15.17
30.0,68.0,2021-12-21 18:00:00,284.4129,16.4,11.26,52.27,48.0,8.89
30.0,68.0,2021-12-22 00:00:00,283.0371,18.1,9.89,49.8,45.3,7.39
30.0,68.0,2021-12-22 06:00:00,290.48227,11.5,17.33,63.2,59.8,15.44
30.0,68.0,2021-12-22 12:00:00,290.38586,13.2,17.24,63.02,59.6,15.33
30.0,68.0,2021-12-22 18:00:00,284.891,18.9,11.74,53.13,49.0,9.44
30.0,68.0,2021-12-23 00:00:00,282.96097,21.9,9.81,49.66,45.4,7.44
30.0,68.0,2021-12-23 06:00:00,290.95575,13.6,17.81,64.05,60.8,16.0
30.0,68.0,2021-12-23 12:00:00,290.32892,15.2,17.18,62.92,59.6,15.33
30.0,68.0,2021-12-23 18:00:00,284.29965,20.9,11.15,52.07,48.0,8.89
30.0,68.0,2021-12-24 00:00:00,282.3085,24.8,9.16,48.49,44.2,6.78
30.0,68.0,2021-12-24 06:00:00,289.71634,15.4,16.57,61.82,58.4,14.67
30.0,68.0,2021-12-24 12:00:00,289.3098,18.6,16.16,61.09,57.8,14.33
30.0,68.0,2021-12-24 18:00:00,283.4888,25.7,10.34,50.61,46.6,8.11
30.0,68.0,2021-12-25 00:00:00,282.76782,26.2,9.62,49.31,45.2,7.33
30.0,68.0,2021-12-25 06:00:00,290.13748,17.2,16.99,62.58,59.3,15.17
30.0,68.0,2021-12-25 12:00:00,289.49924,18.1,16.35,61.43,58.1,14.5
30.0,68.0,2021-12-25 18:00:00,286.47278,21.6,13.32,55.98,52.3,11.28
30.0,68.0,2021-12-26 00:00:00,286.16824,25.6,13.02,55.43,51.9,11.06
30.0,68.0,2021-12-26 06:00:00,289.67868,29.2,16.53,61.75,59.0,15.0
30.0,68.0,2021-12-26 12:00:00,290.35184,26.1,17.2,62.96,60.2,15.67
30.0,68.0,2021-12-26 18:00:00,283.92432,38.5,10.77,51.39,48.0,8.89
30.0,68.0,2021-12-27 00:00:00,282.43332,41.2,9.28,48.71,45.2,7.33
30.0,68.0,2021-12-27 06:00:00,288.89294,26.4,15.74,60.34,57.3,14.06
30.0,68.0,2021-12-27 12:00:00,288.5641,30.4,15.41,59.75,56.9,13.83
30.0,68.0,2021-12-27 18:00:00,282.65308,55.8,9.5,49.11,46.3,7.94
30.0,68.0,2021-12-28 00:00:00,281.40906,48.8,8.26,46.87,43.6,6.44
30.0,68.0,2021-12-28 06:00:00,287.52255,34.8,14.37,57.87,55.0,12.78
30.0,68.0,2021-12-28 12:00:00,288.01224,34.6,14.86,58.75,56.0,13.33
30.0,68.0,2021-12-28 18:00:00,281.7345,58.2,8.58,47.45,44.6,7.0
30.0,68.0,2021-12-29 00:00:00,279.46756,58.2,6.32,43.37,40.1,4.5
30.0,68.0,2021-12-29 06:00:00,286.31512,37.8,13.17,55.7,52.7,11.5
30.0,68.0,2021-12-29 12:00:00,287.07837,28.3,13.93,57.07,53.8,12.11
30.0,68.0,2021-12-29 18:00:00,281.71466,51.1,8.56,47.42,44.3,6.83
30.0,68.0,2021-12-30 00:00:00,281.51355,46.3,8.36,47.05,43.6,6.44
30.0,68.0,2021-12-30 06:00:00,286.7683,29.2,13.62,56.51,53.2,11.78
30.0,68.0,2021-12-30 12:00:00,287.45288,31.1,14.3,57.75,54.7,12.61
30.0,68.0,2021-12-30 18:00:00,282.3692,38.0,9.22,48.59,44.9,7.17
30.0,68.0,2021-12-31 00:00:00,281.49213,40.6,8.34,47.02,43.3,6.28
30.0,68.0,2021-12-31 06:00:00,287.13187,32.8,13.98,57.17,54.1,12.28
30.0,68.0,2021-12-31 12:00:00,287.44885,35.0,14.3,57.74,54.9,12.72
30.0,68.0,2021-12-31 18:00:00,283.91513,44.6,10.77,51.38,48.3,9.06
