time,t2m_cel,trigger
2004-04-01,22.775,0
2004-04-02,23.35,0
2004-04-03,22.95,0
2004-04-04,24.1,0
2004-04-05,24.9,0
2004-04-06,26.15,0
2004-04-07,26.375000000000004,0
2004-04-08,26.025,0
2004-04-09,24.55,0
2004-04-10,24.95,0
2004-04-11,25.575,0
2004-04-12,25.325000000000003,0
2004-04-13,26.225,0
2004-04-14,27.225,0
2004-04-15,28.0,0
2004-04-16,27.200000000000003,0
2004-04-17,26.2,0
2004-04-18,25.575000000000003,0
2004-04-19,25.75,0
2004-04-20,26.65,0
2004-04-21,23.575000000000003,0
2004-04-22,24.9,0
2004-04-23,25.625,0
2004-04-24,26.65,0
2004-04-25,25.075000000000003,0
2004-04-26,26.025,0
2004-04-27,28.625,0
2004-04-28,27.9,0
2004-04-29,22.675,0
2004-04-30,21.55,0
2004-05-01,22.175,0
2004-05-02,21.775,0
2004-05-03,25.075000000000003,0
2004-05-04,27.975,0
2004-05-05,27.125,0
2004-05-06,27.325000000000003,0
2004-05-07,26.6,0
2004-05-08,28.35,0
2004-05-09,27.175,0
2004-05-10,28.05,0
2004-05-11,28.450000000000003,0
2004-05-12,28.95,0
2004-05-13,29.3,0
2004-05-14,28.575000000000003,0
2004-05-15,29.200000000000003,0
2004-05-16,28.725,0
2004-05-17,29.75,0
2004-05-18,31.925,0
2004-05-19,33.3,0
2004-05-20,33.375,0
2004-05-21,34.0,0
2004-05-22,33.95,0
2004-05-23,31.225,0
2004-05-24,30.991666666666667,0
2004-05-25,30.758333333333336,0
2004-05-26,30.525,0
2004-05-27,30.15,0
2004-05-28,28.45,0
2004-05-29,30.15,0
2004-05-30,31.6,0
2004-05-31,31.025,0
2004-06-01,30.1,0
2004-06-02,31.225,0
2004-06-03,32.45,0
2004-06-04,33.275,0
2004-06-05,33.375,0
2004-06-06,33.0,0
2004-06-07,28.35,0
2004-06-08,27.875,0
2004-06-09,26.925,0
2004-06-10,28.65,0
2004-06-11,29.6,0
2004-06-12,29.85,0
2004-06-13,30.85,0
2004-06-14,31.800000000000004,0
2004-06-15,31.7,0
2004-06-16,31.925,0
2004-06-17,33.325,0
2004-06-18,31.975,0
2004-06-19,31.975,0
2004-06-20,32.525000000000006,0
2004-06-21,32.425,0
2004-06-22,31.625,0
2004-06-23,31.5,0
2004-06-24,29.825000000000003,0
2004-06-25,27.875,0
2004-06-26,28.875,0
2004-06-27,28.95,0
2004-06-28,28.6,0
2004-06-29,29.9,0
2004-06-30,30.175000000000004,0
2004-07-01,31.35,0
2004-07-02,30.925,0
2004-07-03,30.3,0
2004-07-04,30.6,0
2004-07-05,31.0,0
2004-07-06,31.25,0
2004-07-07,31.8,0
2004-07-08,32.125,0
2004-07-09,29.625000000000004,0
2004-07-10,28.775,0
2004-07-11,29.275,0
2004-07-12,29.35,0
2004-07-13,28.775,0
2004-07-14,29.35,0
2004-07-15,29.925,0
2004-07-16,29.65,0
2004-07-17,29.125,0
2004-07-18,29.075,0
2004-07-19,28.675,0
2004-07-20,29.4,0
2004-07-21,29.5,0
2004-07-22,28.675,0
2004-07-23,28.65,0
2004-07-24,29.475,0
2004-07-25,30.525,0
2004-07-26,29.700000000000003,0
2004-07-27,29.875,0
2004-07-28,29.9,0
2004-07-29,28.55,0
2004-07-30,29.45,0
2004-07-31,27.125,0
2005-04-01,22.4,0
2005-04-02,24.05,0
2005-04-03,24.225,0
2005-04-04,24.45,0
2005-04-05,24.7,0
2005-04-06,23.775,0
2005-04-07,16.725,0
2005-04-08,14.374999999999998,0
2005-04-09,15.9,0
2005-04-10,19.0,0
2005-04-11,19.025,0
2005-04-12,20.0,0
2005-04-13,20.725,0
2005-04-14,21.225,0
2005-04-15,21.775,0
2005-04-16,23.15,0
2005-04-17,23.875,0
2005-04-18,25.025,0
2005-04-19,25.4,0
2005-04-20,25.875,0
2005-04-21,25.725,0
2005-04-22,25.1,0
2005-04-23,24.1,0
2005-04-24,23.575000000000003,0
2005-04-25,22.825000000000003,0
2005-04-26,23.700000000000003,0
2005-04-27,23.1,0
2005-04-28,20.925,0
2005-04-29,22.6875,0
2005-04-30,24.45,0
2005-05-01,23.925,0
2005-05-02,22.925,0
2005-05-03,22.375000000000004,0
2005-05-04,23.175,0
2005-05-05,24.675,0
2005-05-06,26.625,0
2005-05-07,27.275,0
2005-05-08,23.7,0
2005-05-09,24.750000000000004,0
2005-05-10,26.65,0
2005-05-11,28.225,0
2005-05-12,28.5,0
2005-05-13,28.35,0
2005-05-14,29.325000000000003,0
2005-05-15,29.675,0
2005-05-16,29.4,0
2005-05-17,30.025,0
2005-05-18,30.175,0
2005-05-19,29.025,0
2005-05-20,28.35,0
2005-05-21,25.4,0
2005-05-22,25.575000000000003,0
2005-05-23,25.975,0
2005-05-24,26.025,0
2005-05-25,26.625,0
2005-05-26,25.775,0
2005-05-27,26.225,0
2005-05-28,24.35,0
2005-05-29,24.675,0
2005-05-30,25.5,0
2005-05-31,26.85,0
2005-06-01,29.325000000000003,0
2005-06-02,29.875,0
2005-06-03,30.425000000000004,0
2005-06-04,32.525,0
2005-06-05,32.8,0
2005-06-06,31.7,0
2005-06-07,31.25,0
2005-06-08,30.8,0
2005-06-09,30.0,0
2005-06-10,28.625,0
2005-06-11,26.200000000000003,0
2005-06-12,26.8,0
2005-06-13,26.0,0
2005-06-14,26.125,0
2005-06-15,29.1,0
2005-06-16,31.275,0
2005-06-17,31.45,0
2005-06-18,31.275,0
2005-06-19,31.55,0
2005-06-20,31.675,0
2005-06-21,32.375,0
2005-06-22,32.825,0
2005-06-23,33.75,0
2005-06-24,33.8,0
2005-06-25,33.65,0
2005-06-26,33.625,0
2005-06-27,33.45,0
2005-06-28,33.474999999999994,0
2005-06-29,31.275,0
2005-06-30,30.675,0
2005-07-01,31.5,0
2005-07-02,31.475,0
2005-07-03,31.25,0
2005-07-04,31.175,0
2005-07-05,29.875,0
2005-07-06,28.65,0
2005-07-07,29.55,0
2005-07-08,30.15,0
2005-07-09,31.35,0
2005-07-10,32.7,0
2005-07-11,32.5,0
2005-07-12,30.775,0
2005-07-13,30.3,0
2005-07-14,30.3,0
2005-07-15,30.425,0
2005-07-16,30.15,0
2005-07-17,30.1,0
2005-07-18,30.575000000000003,0
2005-07-19,31.45,0
2005-07-20,31.95,0
2005-07-21,30.925000000000004,0
2005-07-22,31.75,0
2005-07-23,31.025,0
2005-07-24,30.75,0
2005-07-25,31.325,0
2005-07-26,32.725,0
2005-07-27,32.575,0
2005-07-28,30.925000000000004,0
2005-07-29,30.375000000000004,0
2005-07-30,30.45,0
2005-07-31,30.85,0
2006-04-01,21.775,0
2006-04-02,21.75,0
2006-04-03,22.5,0
2006-04-04,24.1,0
2006-04-05,25.875,0
2006-04-06,26.2625,0
2006-04-07,26.65,0
2006-04-08,25.775,0
2006-04-09,20.975,0
2006-04-10,20.775,0
2006-04-11,20.450000000000003,0
2006-04-12,20.8,0
2006-04-13,20.775,0
2006-04-14,17.725,0
2006-04-15,20.95,0
2006-04-16,22.25,0
2006-04-17,21.4,0
2006-04-18,23.225,0
2006-04-19,25.775,0
2006-04-20,24.6,0
2006-04-21,24.75,0
2006-04-22,26.025,0
2006-04-23,26.575,0
2006-04-24,27.6,0
2006-04-25,29.025,0
2006-04-26,28.9,0
2006-04-27,29.525,0
2006-04-28,29.425,0
2006-04-29,28.125,0
2006-04-30,27.625,0
2006-05-01,27.125,0
2006-05-02,28.0,0
2006-05-03,28.675,0
2006-05-04,30.4,0
2006-05-05,33.0,0
2006-05-06,33.7,0
2006-05-07,33.925,0
2006-05-08,33.225,0
2006-05-09,31.65,0
2006-05-10,31.5,0
2006-05-11,32.725,0
2006-05-12,32.85,0
2006-05-13,32.85,0
2006-05-14,31.9,0
2006-05-15,31.325000000000003,0
2006-05-16,30.25,0
2006-05-17,28.7,0
2006-05-18,29.675000000000004,0
2006-05-19,30.55,0
2006-05-20,31.075000000000003,0
2006-05-21,31.275,0
2006-05-22,31.175,0
2006-05-23,31.550000000000004,0
2006-05-24,32.1,0
2006-05-25,33.125,0
2006-05-26,33.4,0
2006-05-27,33.65,0
2006-05-28,32.849999999999994,0
2006-05-29,32.075,0
2006-05-30,31.975,0
2006-05-31,31.1,0
2006-06-01,29.975,0
2006-06-02,30.0,0
2006-06-03,28.175,0
2006-06-04,28.7,0
2006-06-05,27.525,0
2006-06-06,27.05,0
2006-06-07,27.625,0
2006-06-08,28.55,0
2006-06-09,28.175,0
2006-06-10,30.15,0
2006-06-11,30.475,0
2006-06-12,30.25,0
2006-06-13,29.25,0
2006-06-14,29.175,0
2006-06-15,30.725,0
2006-06-16,31.025,0
2006-06-17,28.25,0
2006-06-18,28.175,0
2006-06-19,28.125,0
2006-06-20,29.075,0
2006-06-21,29.825000000000003,0
2006-06-22,31.0,0
2006-06-23,31.6,0
2006-06-24,32.2,0
2006-06-25,33.1,0
2006-06-26,31.875,0
2006-06-27,31.875,0
2006-06-28,29.725,0
2006-06-29,31.15,0
2006-06-30,30.15,0
2006-07-01,31.125,0
2006-07-02,32.650000000000006,0
2006-07-03,32.975,0
2006-07-04,33.6,0
2006-07-05,33.4,0
2006-07-06,32.5,0
2006-07-07,32.65,0
2006-07-08,33.75,0
2006-07-09,33.4,0
2006-07-10,31.65,0
2006-07-11,31.5,0
2006-07-12,31.45,0
2006-07-13,31.3,0
2006-07-14,27.975,0
2006-07-15,29.025,0
2006-07-16,30.0,0
2006-07-17,29.375,0
2006-07-18,30.55,0
2006-07-19,29.875,0
2006-07-20,31.25,0
2006-07-21,30.5,0
2006-07-22,31.425,0
2006-07-23,31.05,0
2006-07-24,31.6,0
2006-07-25,30.15,0
2006-07-26,30.125000000000004,0
2006-07-27,29.075,0
2006-07-28,29.950000000000003,0
2006-07-29,28.700000000000003,0
2006-07-30,28.625,0
2006-07-31,29.0,0
2007-04-01,19.975,0
2007-04-02,20.075000000000003,0
2007-04-03,20.75,0
2007-04-04,22.525,0
2007-04-05,24.225,0
2007-04-06,23.075000000000003,0
2007-04-07,23.5,0
2007-04-08,23.65,0
2007-04-09,24.525,0
2007-04-10,26.25,0
2007-04-11,26.9,0
2007-04-12,27.1,0
2007-04-13,26.525,0
2007-04-14,26.825,0
2007-04-15,27.15,0
2007-04-16,26.525,0
2007-04-17,27.2,0
2007-04-18,28.05,0
2007-04-19,26.425,0
2007-04-20,26.55,0
2007-04-21,26.875,0
2007-04-22,28.35,0
2007-04-23,27.55,0
2007-04-24,27.25,0
2007-04-25,28.425,0
2007-04-26,28.1,0
2007-04-27,29.0,0
2007-04-28,29.7,0
2007-04-29,29.575,0
2007-04-30,28.725,0
2007-05-01,29.95,0
2007-05-02,31.75,0
2007-05-03,31.425,0
2007-05-04,29.8,0
2007-05-05,29.55,0
2007-05-06,31.025,0
2007-05-07,31.6,0
2007-05-08,30.8,0
2007-05-09,28.775,0
2007-05-10,28.825,0
2007-05-11,29.450000000000003,0
2007-05-12,29.85,0
2007-05-13,30.0,0
2007-05-14,30.575000000000003,0
2007-05-15,30.9,0
2007-05-16,31.075000000000003,0
2007-05-17,32.025,0
2007-05-18,31.825000000000003,0
2007-05-19,29.450000000000003,0
2007-05-20,28.475,0
2007-05-21,27.225,0
2007-05-22,27.2,0
2007-05-23,26.875,0
2007-05-24,27.1,0
2007-05-25,26.0,0
2007-05-26,26.25,0
2007-05-27,24.875,0
2007-05-28,25.025,0
2007-05-29,25.525,0
2007-05-30,26.3,0
2007-05-31,27.5,0
2007-06-01,29.775,0
2007-06-02,31.15,0
2007-06-03,30.325,0
2007-06-04,27.325,0
2007-06-05,28.35,0
2007-06-06,26.550000000000004,0
2007-06-07,28.05,0
2007-06-08,32.025,0
2007-06-09,34.5,0
2007-06-10,35.125,0
2007-06-11,34.375,0
2007-06-12,33.475,0
2007-06-13,31.95,0
2007-06-14,31.675,0
2007-06-15,30.8,0
2007-06-16,29.775,0
2007-06-17,29.475,0
2007-06-18,28.325000000000003,0
2007-06-19,29.725,0
2007-06-20,30.075000000000003,0
2007-06-21,29.6,0
2007-06-22,30.9,0
2007-06-23,31.775,0
2007-06-24,30.375,0
2007-06-25,29.85,0
2007-06-26,25.75,0
2007-06-27,27.6,0
2007-06-28,28.55,0
2007-06-29,27.7,0
2007-06-30,27.95,0
2007-07-01,30.3,0
2007-07-02,32.224999999999994,0
2007-07-03,31.425,0
2007-07-04,32.125,0
2007-07-05,32.550000000000004,0
2007-07-06,33.7,0
2007-07-07,32.55,0
2007-07-08,31.75,0
2007-07-09,31.15,0
2007-07-10,31.6,0
2007-07-11,32.525000000000006,0
2007-07-12,32.825,0
2007-07-13,32.349999999999994,0
2007-07-14,30.675,0
2007-07-15,30.225,0
2007-07-16,29.450000000000003,0
2007-07-17,29.975,0
2007-07-18,30.925,0
2007-07-19,30.575,0
2007-07-20,31.125,0
2007-07-21,30.775,0
2007-07-22,29.125,0
2007-07-23,29.225,0
2007-07-24,29.700000000000003,0
2007-07-25,30.625,0
2007-07-26,31.35,0
2007-07-27,30.95,0
2007-07-28,30.675,0
2007-07-29,30.8,0
2007-07-30,30.725,0
2007-07-31,30.950000000000003,0
2008-04-01,23.835,0
2008-04-02,19.3,0
2008-04-03,16.375,0
2008-04-04,16.0,0
2008-04-05,19.025,0
2008-04-06,19.11,0
2008-04-07,19.89,0
2008-04-08,21.7825,0
2008-04-09,22.5975,0
2008-04-10,23.1875,0
2008-04-11,24.385,0
2008-04-12,24.62,0
2008-04-13,24.9575,0
2008-04-14,24.7,0
2008-04-15,21.4725,0
2008-04-16,22.21,0
2008-04-17,22.73,0
2008-04-18,24.05,0
2008-04-19,24.775,0
2008-04-20,25.7,0
2008-04-21,25.85,0
2008-04-22,26.550000000000004,0
2008-04-23,26.75,0
2008-04-24,26.95,0
2008-04-25,27.24,0
2008-04-26,27.8525,0
2008-04-27,28.605,0
2008-04-28,28.235,0
2008-04-29,28.4,0
2008-04-30,28.05,0
2008-05-01,28.547500000000003,0
2008-05-02,30.0425,0
2008-05-03,28.885,0
2008-05-04,29.410000000000004,0
2008-05-05,28.8175,0
2008-05-06,29.1575,0
2008-05-07,24.6625,0
2008-05-08,24.575,0
2008-05-09,27.475,0
2008-05-10,28.95,0
2008-05-11,29.475,0
2008-05-12,31.225,0
2008-05-13,30.075000000000003,0
2008-05-14,30.275,0
2008-05-15,30.625000000000004,0
2008-05-16,31.575000000000003,0
2008-05-17,32.575,0
2008-05-18,32.875,0
2008-05-19,31.775,0
2008-05-20,30.425,0
2008-05-21,30.4,0
2008-05-22,30.05,0
2008-05-23,30.375,0
2008-05-24,29.8,0
2008-05-25,29.25,0
2008-05-26,27.875,0
2008-05-27,28.4,0
2008-05-28,29.200000000000003,0
2008-05-29,28.425000000000004,0
2008-05-30,29.5,0
2008-05-31,32.175,0
2008-06-01,30.75,0
2008-06-02,31.375,0
2008-06-03,29.375,0
2008-06-04,30.425,0
2008-06-05,30.875,0
2008-06-06,30.6,0
2008-06-07,31.175,0
2008-06-08,31.4,0
2008-06-09,31.55,0
2008-06-10,31.45,0
2008-06-11,31.65,0
2008-06-12,31.425,0
2008-06-13,30.800000000000004,0
2008-06-14,31.6,0
2008-06-15,32.575,0
2008-06-16,31.8,0
2008-06-17,31.7,0
2008-06-18,32.1,0
2008-06-19,32.075,0
2008-06-20,31.525,0
2008-06-21,31.625,0
2008-06-22,31.125,0
2008-06-23,31.475,0
2008-06-24,32.725,0
2008-06-25,32.85,0
2008-06-26,31.05,0
2008-06-27,32.0,0
2008-06-28,30.95,0
2008-06-29,30.575000000000003,0
2008-06-30,29.975,0
2008-07-01,30.175,0
2008-07-02,32.0,0
2008-07-03,32.225,0
2008-07-04,31.675000000000004,0
2008-07-05,31.05,0
2008-07-06,31.1,0
2008-07-07,30.175,0
2008-07-08,31.15,0
2008-07-09,29.8,0
2008-07-10,29.9,0
2008-07-11,30.725,0
2008-07-12,29.7,0
2008-07-13,29.675,0
2008-07-14,29.6,0
2008-07-15,29.75,0
2008-07-16,30.975,0
2008-07-17,30.725,0
2008-07-18,31.125,0
2008-07-19,31.175000000000004,0
2008-07-20,30.1,0
2008-07-21,28.925,0
2008-07-22,28.825,0
2008-07-23,29.525,0
2008-07-24,30.675000000000004,0
2008-07-25,30.450000000000003,0
2008-07-26,30.15,0
2008-07-27,30.525,0
2008-07-28,31.275,0
2008-07-29,31.15,0
2008-07-30,31.65,0
2008-07-31,31.675,0
2009-04-01,21.0,0
2009-04-02,21.475,0
2009-04-03,21.05,0
2009-04-04,21.675,0
2009-04-05,21.3,0
2009-04-06,20.475,0
2009-04-07,15.025,0
2009-04-08,16.825,0
2009-04-09,18.775,0
2009-04-10,20.3,0
2009-04-11,22.7,0
2009-04-12,23.625,0
2009-04-13,24.0,0
2009-04-14,21.425,0
2009-04-15,21.85,0
2009-04-16,21.975,0
2009-04-17,23.025,0
2009-04-18,26.45,0
2009-04-19,28.025,0
2009-04-20,27.450000000000003,0
2009-04-21,22.6,0
2009-04-22,22.175000000000004,0
2009-04-23,21.8,0
2009-04-24,23.525,0
2009-04-25,24.9,0
2009-04-26,26.700000000000003,0
2009-04-27,29.325,0
2009-04-28,29.75,0
2009-04-29,29.3,0
2009-04-30,27.9325,0
2009-05-01,28.1825,0
2009-05-02,27.8825,0
2009-05-03,27.25,0
2009-05-04,25.06,0
2009-05-05,24.895000000000003,0
2009-05-06,25.1725,0
2009-05-07,27.125,0
2009-05-08,28.200000000000003,0
2009-05-09,27.975,0
2009-05-10,28.9075,0
2009-05-11,30.375,0
2009-05-12,32.85,0
2009-05-13,33.35,0
2009-05-14,33.225,0
2009-05-15,33.0,0
2009-05-16,32.8825,0
2009-05-17,32.925000000000004,0
2009-05-18,31.275,0
2009-05-19,31.5325,0
2009-05-20,31.6975,0
2009-05-21,30.45,0
2009-05-22,30.190000000000005,0
2009-05-23,30.8725,0
2009-05-24,31.225,0
2009-05-25,30.825,0
2009-05-26,32.1475,0
2009-05-27,34.365,0
2009-05-28,34.4725,0
2009-05-29,33.095,0
2009-05-30,32.2275,0
2009-05-31,31.3125,0
2009-06-01,29.775,0
2009-06-02,30.45,0
2009-06-03,30.75,0
2009-06-04,30.525,0
2009-06-05,26.4825,0
2009-06-06,27.25,0
2009-06-07,28.5,0
2009-06-08,30.05,0
2009-06-09,30.8,0
2009-06-10,30.475,0
2009-06-11,29.95,0
2009-06-12,30.15,0
2009-06-13,30.45,0
2009-06-14,29.3775,0
2009-06-15,27.0,0
2009-06-16,27.25,0
2009-06-17,27.225,0
2009-06-18,27.895,0
2009-06-19,28.0,0
2009-06-20,28.375,0
2009-06-21,29.425,0
2009-06-22,30.575,0
2009-06-23,30.375000000000004,0
2009-06-24,29.6,0
2009-06-25,29.450000000000003,0
2009-06-26,30.15,0
2009-06-27,31.262500000000003,0
2009-06-28,31.73,0
2009-06-29,31.925,0
2009-06-30,31.05,0
2009-07-01,30.175,0
2009-07-02,29.5,0
2009-07-03,28.200000000000003,0
2009-07-04,27.9,0
2009-07-05,29.175,0
2009-07-06,30.825000000000003,0
2009-07-07,32.900000000000006,0
2009-07-08,33.35,0
2009-07-09,32.45,0
2009-07-10,30.925,0
2009-07-11,31.275,0
2009-07-12,31.7425,0
2009-07-13,30.3725,0
2009-07-14,29.525,0
2009-07-15,30.450000000000003,0
2009-07-16,30.9225,0
2009-07-17,31.975,0
2009-07-18,32.225,0
2009-07-19,29.625,0
2009-07-20,31.275,0
2009-07-21,30.9,0
2009-07-22,29.95,0
2009-07-23,30.125,0
2009-07-24,30.265,0
2009-07-25,30.0,0
2009-07-26,32.325,0
2009-07-27,31.525,0
2009-07-28,31.475,0
2009-07-29,29.425,0
2009-07-30,30.675,0
2009-07-31,31.325,0
2010-04-01,24.005,0
2010-04-02,24.0325,0
2010-04-03,22.4925,0
2010-04-04,23.5225,0
2010-04-05,23.1625,0
2010-04-06,23.15,0
2010-04-07,23.8,0
2010-04-08,25.55,0
2010-04-09,26.325,0
2010-04-10,27.275,0
2010-04-11,26.450000000000003,0
2010-04-12,27.325000000000003,0
2010-04-13,27.275,0
2010-04-14,27.45,0
2010-04-15,28.225,0
2010-04-16,29.0,0
2010-04-17,29.450000000000003,0
2010-04-18,29.6,0
2010-04-19,28.700000000000003,0
2010-04-20,26.875,0
2010-04-21,23.525,0
2010-04-22,23.55,0
2010-04-23,25.9,0
2010-04-24,27.6,0
2010-04-25,27.2,0
2010-04-26,24.575,0
2010-04-27,24.225,0
2010-04-28,26.692500000000003,0
2010-04-29,24.9,0
2010-04-30,26.025,0
2010-05-01,27.075000000000003,0
2010-05-02,29.8,0
2010-05-03,31.0175,0
2010-05-04,25.525,0
2010-05-05,26.425,0
2010-05-06,23.6,0
2010-05-07,24.4125,0
2010-05-08,26.15,0
2010-05-09,27.775,0
2010-05-10,27.8075,0
2010-05-11,28.4625,0
2010-05-12,29.625,0
2010-05-13,29.050000000000004,0
2010-05-14,29.625,0
2010-05-15,30.85,0
2010-05-16,29.9,0
2010-05-17,28.175,0
2010-05-18,28.75,0
2010-05-19,30.225,0
2010-05-20,31.875,0
2010-05-21,31.8,0
2010-05-22,33.075,0
2010-05-23,33.85,0
2010-05-24,33.975,0
2010-05-25,34.725,0
2010-05-26,35.325,0
2010-05-27,33.175,0
2010-05-28,29.875,0
2010-05-29,30.0,0
2010-05-30,29.8025,0
2010-05-31,30.450000000000003,0
2010-06-01,31.275,0
2010-06-02,30.125,0
2010-06-03,30.325,0
2010-06-04,29.15,0
2010-06-05,28.425,0
2010-06-06,25.3,0
2010-06-07,25.875,0
2010-06-08,26.425,0
2010-06-09,26.95,0
2010-06-10,27.675,0
2010-06-11,28.875000000000004,0
2010-06-12,29.625,0
2010-06-13,31.225,0
2010-06-14,30.65,0
2010-06-15,27.875,0
2010-06-16,27.5,0
2010-06-17,28.9,0
2010-06-18,29.875,0
2010-06-19,31.975,0
2010-06-20,33.625,0
2010-06-21,33.725,0
2010-06-22,33.05,0
2010-06-23,32.35,0
2010-06-24,31.275,0
2010-06-25,30.75,0
2010-06-26,31.025,0
2010-06-27,33.175000000000004,0
2010-06-28,33.35,0
2010-06-29,31.975,0
2010-06-30,30.5,0
2010-07-01,30.85,0
2010-07-02,30.0,0
2010-07-03,30.75,0
2010-07-04,31.55,0
2010-07-05,30.2,0
2010-07-06,28.875,0
2010-07-07,29.45,0
2010-07-08,30.8,0
2010-07-09,31.125,0
2010-07-10,31.75,0
2010-07-11,32.625,0
2010-07-12,31.25,0
2010-07-13,28.8,0
2010-07-14,29.3,0
2010-07-15,30.975,0
2010-07-16,31.875,0
2010-07-17,32.5,0
2010-07-18,32.525,0
2010-07-19,33.2,0
2010-07-20,31.325,0
2010-07-21,30.250000000000004,0
2010-07-22,29.125,0
2010-07-23,28.4,0
2010-07-24,29.25,0
2010-07-25,31.15,0
2010-07-26,31.3,0
2010-07-27,31.7,0
2010-07-28,27.175,0
2010-07-29,25.2,0
2010-07-30,27.950000000000003,0
2010-07-31,29.475,0
2011-04-01,20.0,0
2011-04-02,19.975,0
2011-04-03,19.9,0
2011-04-04,21.2,0
2011-04-05,22.35,0
2011-04-06,21.45,0
2011-04-07,21.025,0
2011-04-08,22.375,0
2011-04-09,22.525,0
2011-04-10,20.4,0
2011-04-11,18.975,0
2011-04-12,20.7,0
2011-04-13,22.65,0
2011-04-14,23.085,0
2011-04-15,23.902500000000003,0
2011-04-16,19.37,0
2011-04-17,21.925,0
2011-04-18,22.35,0
2011-04-19,22.6225,0
2011-04-20,23.375,0
2011-04-21,25.0075,0
2011-04-22,25.775,0
2011-04-23,27.095,0
2011-04-24,27.175,0
2011-04-25,28.15,0
2011-04-26,28.55,0
2011-04-27,27.6,0
2011-04-28,27.65,0
2011-04-29,27.45,0
2011-04-30,26.9,0
2011-05-01,28.025,0
2011-05-02,29.450000000000003,0
2011-05-03,30.225,0
2011-05-04,28.9,0
2011-05-05,28.675000000000004,0
2011-05-06,27.37,0
2011-05-07,27.55,0
2011-05-08,30.125,0
2011-05-09,31.275,0
2011-05-10,31.817500000000003,0
2011-05-11,31.4775,0
2011-05-12,31.8,0
2011-05-13,32.5,0
2011-05-14,32.0,0
2011-05-15,32.775,0
2011-05-16,32.65,0
2011-05-17,32.6,0
2011-05-18,33.7,0
2011-05-19,35.45,0
2011-05-20,35.25,0
2011-05-21,34.475,0
2011-05-22,33.400000000000006,0
2011-05-23,31.5,0
2011-05-24,32.525,0
2011-05-25,30.275,0
2011-05-26,31.425,0
2011-05-27,29.475,0
2011-05-28,31.7,0
2011-05-29,32.85,0
2011-05-30,34.0,0
2011-05-31,35.150000000000006,0
2011-06-01,32.4,0
2011-06-02,29.9,0
2011-06-03,30.275,0
2011-06-04,31.950000000000003,0
2011-06-05,33.6,0
2011-06-06,34.9,0
2011-06-07,34.38214285714285,0
2011-06-08,33.864285714285714,0
2011-06-09,33.34642857142857,0
2011-06-10,32.82857142857143,0
2011-06-11,32.31071428571428,0
2011-06-12,31.79285714285714,0
2011-06-13,31.275,0
2011-06-14,34.425000000000004,0
2011-06-15,35.875,0
2011-06-16,34.7,0
2011-06-17,33.675,0
2011-06-18,33.075,0
2011-06-19,32.925000000000004,0
2011-06-20,33.4,0
2011-06-21,33.65,0
2011-06-22,33.9,0
2011-06-23,34.05,0
2011-06-24,33.974999999999994,0
2011-06-25,33.9,0
2011-06-26,33.825,0
2011-06-27,33.75,0
2011-06-28,33.675,0
2011-06-29,32.225,0
2011-06-30,30.45,0
2011-07-01,31.175,0
2011-07-02,30.4,0
2011-07-03,29.675,0
2011-07-04,29.012500000000003,0
2011-07-05,30.75,0
2011-07-06,31.275,0
2011-07-07,32.225,0
2011-07-08,32.0,0
2011-07-09,29.825,0
2011-07-10,30.4875,0
2011-07-11,30.7925,0
2011-07-12,31.625,0
2011-07-13,32.125,0
2011-07-14,32.4,0
2011-07-15,31.475,0
2011-07-16,30.65,0
2011-07-17,30.2,0
2011-07-18,31.625,0
2011-07-19,32.35,0
2011-07-20,32.95,0
2011-07-21,32.7025,0
2011-07-22,32.04,0
2011-07-23,32.295,0
2011-07-24,32.55,0
2011-07-25,31.425,0
2011-07-26,29.275,0
2011-07-27,30.7,0
2011-07-28,31.175,0
2011-07-29,30.95,0
2011-07-30,30.35,0
2011-07-31,30.75,0
2012-04-01,25.825,0
2012-04-02,23.975,0
2012-04-03,24.025,0
2012-04-04,26.35,0
2012-04-05,26.775,0
2012-04-06,26.4,0
2012-04-07,25.425,0
2012-04-08,24.9,0
2012-04-09,26.45,0
2012-04-10,25.375,0
2012-04-11,25.875,0
2012-04-12,25.275,0
2012-04-13,23.725,0
2012-04-14,20.225,0
2012-04-15,22.75,0
2012-04-16,24.625,0
2012-04-17,23.3,0
2012-04-18,21.475,0
2012-04-19,21.925,0
2012-04-20,20.125,0
2012-04-21,20.925,0
2012-04-22,22.4,0
2012-04-23,23.375,0
2012-04-24,24.2025,0
2012-04-25,24.475,0
2012-04-26,23.375,0
2012-04-27,24.1125,0
2012-04-28,24.675,0
2012-04-29,25.175,0
2012-04-30,25.0,0
2012-05-01,25.625,0
2012-05-02,26.725,0
2012-05-03,27.05,0
2012-05-04,28.5,0
2012-05-05,28.700000000000003,0
2012-05-06,27.85,0
2012-05-07,28.450000000000003,0
2012-05-08,29.6,0
2012-05-09,30.275,0
2012-05-10,29.775,0
2012-05-11,28.9,0
2012-05-12,27.94,0
2012-05-13,27.475,0
2012-05-14,28.0,0
2012-05-15,30.25,0
2012-05-16,29.225,0
2012-05-17,28.675,0
2012-05-18,29.35,0
2012-05-19,30.025,0
2012-05-20,29.575000000000003,0
2012-05-21,28.375000000000004,0
2012-05-22,28.975,0
2012-05-23,30.075000000000003,0
2012-05-24,29.7,0
2012-05-25,30.1,0
2012-05-26,28.75,0
2012-05-27,30.35,0
2012-05-28,32.6,0
2012-05-29,34.5,0
2012-05-30,34.724999999999994,0
2012-05-31,33.975,0
2012-06-01,32.9,0
2012-06-02,33.45,0
2012-06-03,33.475,0
2012-06-04,33.65,0
2012-06-05,33.325,0
2012-06-06,28.1,0
2012-06-07,28.450000000000003,0
2012-06-08,28.775,0
2012-06-09,29.191666666666663,0
2012-06-10,29.60833333333333,0
2012-06-11,30.025,0
2012-06-12,30.508333333333336,0
2012-06-13,30.991666666666667,0
2012-06-14,31.475,0
2012-06-15,32.575,0
2012-06-16,32.175,0
2012-06-17,31.975,0
2012-06-18,30.6,0
2012-06-19,30.950000000000003,0
2012-06-20,33.35,0
2012-06-21,34.7,0
2012-06-22,34.650000000000006,0
2012-06-23,32.45,0
2012-06-24,32.474999999999994,0
2012-06-25,32.275,0
2012-06-26,32.2875,0
2012-06-27,32.300000000000004,0
2012-06-28,31.775,0
2012-06-29,31.85,0
2012-06-30,32.8,0
2012-07-01,33.2,0
2012-07-02,33.175000000000004,0
2012-07-03,33.85,0
2012-07-04,33.974999999999994,0
2012-07-05,33.349999999999994,0
2012-07-06,32.724999999999994,0
2012-07-07,32.099999999999994,0
2012-07-08,31.475,0
2012-07-09,30.85,0
2012-07-10,32.075,0
2012-07-11,32.4,0
2012-07-12,32.825,0
2012-07-13,33.7,0
2012-07-14,30.45,0
2012-07-15,29.825,0
2012-07-16,28.425,0
2012-07-17,30.35,0
2012-07-18,33.35,0
2012-07-19,33.7,0
2012-07-20,31.725,0
2012-07-21,30.1,0
2012-07-22,32.425000000000004,0
2012-07-23,33.400000000000006,0
2012-07-24,32.65,0
2012-07-25,32.55,0
2012-07-26,31.25,0
2012-07-27,30.75,0
2012-07-28,31.675,0
2012-07-29,32.1,0
2012-07-30,32.525,0
2012-07-31,32.2,0
2013-04-01,24.3,0
2013-04-02,22.45,0
2013-04-03,22.200000000000003,0
2013-04-04,22.725,0
2013-04-05,23.575,0
2013-04-06,24.05,0
2013-04-07,23.700000000000003,0
2013-04-08,22.175,0
2013-04-09,20.75,0
2013-04-10,21.25,0
2013-04-11,23.00125,0
2013-04-12,24.7525,0
2013-04-13,25.85,0
2013-04-14,26.875,0
2013-04-15,27.375,0
2013-04-16,25.7,0
2013-04-17,25.625000000000004,0
2013-04-18,26.325000000000003,0
2013-04-19,26.4,0
2013-04-20,26.200000000000003,0
2013-04-21,23.1625,0
2013-04-22,21.65,0
2013-04-23,22.25,0
2013-04-24,23.5,0
2013-04-25,24.15,0
2013-04-26,23.9,0
2013-04-27,25.475,0
2013-04-28,23.135,0
2013-04-29,23.45,0
2013-04-30,24.1,0
2013-05-01,25.045,0
2013-05-02,26.425,0
2013-05-03,28.025,0
2013-05-04,27.9,0
2013-05-05,27.35,0
2013-05-06,28.275,0
2013-05-07,28.05,0
2013-05-08,28.575000000000003,0
2013-05-09,28.65,0
2013-05-10,27.375,0
2013-05-11,28.175,0
2013-05-12,28.625,0
2013-05-13,28.75,0
2013-05-14,29.75,0
2013-05-15,31.0,0
2013-05-16,32.675,0
2013-05-17,33.4,0
2013-05-18,33.025,0
2013-05-19,33.225,0
2013-05-20,32.5,0
2013-05-21,32.975,0
2013-05-22,34.4,0
2013-05-23,34.225,0
2013-05-24,33.775000000000006,0
2013-05-25,33.94,0
2013-05-26,31.125,0
2013-05-27,30.6,0
2013-05-28,30.225,0
2013-05-29,30.25,0
2013-05-30,29.375,0
2013-05-31,31.325000000000003,0
2013-06-01,31.875,0
2013-06-02,31.175,0
2013-06-03,30.75,0
2013-06-04,32.025,0
2013-06-05,34.775,0
2013-06-06,34.400000000000006,0
2013-06-07,33.375,0
2013-06-08,32.675,0
2013-06-09,32.849999999999994,0
2013-06-10,32.4,0
2013-06-11,32.925,0
2013-06-12,30.075,0
2013-06-13,29.925,0
2013-06-14,29.595,0
2013-06-15,30.9,0
2013-06-16,28.5,0
2013-06-17,27.575,0
2013-06-18,28.865,0
2013-06-19,30.025,0
2013-06-20,31.625,0
2013-06-21,33.15,0
2013-06-22,33.15,0
2013-06-23,32.75,0
2013-06-24,32.6,0
2013-06-25,32.4,0
2013-06-26,32.075,0
2013-06-27,32.525,0
2013-06-28,32.7,0
2013-06-29,33.4,0
2013-06-30,32.35,0
2013-07-01,31.1,0
2013-07-02,31.65,0
2013-07-03,31.9,0
2013-07-04,33.25,0
2013-07-05,32.675000000000004,0
2013-07-06,32.8,0
2013-07-07,31.9,0
2013-07-08,31.925,0
2013-07-09,31.225,0
2013-07-10,30.25,0
2013-07-11,30.1,0
2013-07-12,30.725,0
2013-07-13,31.975,0
2013-07-14,32.875,0
2013-07-15,31.575,0
2013-07-16,31.075000000000003,0
2013-07-17,31.375,0
2013-07-18,31.575000000000003,0
2013-07-19,32.724999999999994,0
2013-07-20,31.05,0
2013-07-21,30.825,0
2013-07-22,31.175,0
2013-07-23,31.975,0
2013-07-24,32.1675,0
2013-07-25,31.7,0
2013-07-26,31.25,0
2013-07-27,30.85,0
2013-07-28,30.7,0
2013-07-29,30.675,0
2013-07-30,30.175,0
2013-07-31,29.825,0
2014-04-01,21.525,0
2014-04-02,22.575,0
2014-04-03,22.125,0
2014-04-04,23.35,0
2014-04-05,23.25,0
2014-04-06,22.25,0
2014-04-07,22.1,0
2014-04-08,22.45,0
2014-04-09,22.525,0
2014-04-10,23.1,0
2014-04-11,25.625,0
2014-04-12,26.9,0
2014-04-13,26.3,0
2014-04-14,24.0375,0
2014-04-15,24.625,0
2014-04-16,26.8,0
2014-04-17,25.7875,0
2014-04-18,23.950000000000003,0
2014-04-19,21.825000000000003,0
2014-04-20,21.825000000000003,0
2014-04-21,21.75,0
2014-04-22,23.2,0
2014-04-23,24.825,0
2014-04-24,25.8,0
2014-04-25,26.675,0
2014-04-26,27.425,0
2014-04-27,27.450000000000003,0
2014-04-28,28.9,0
2014-04-29,29.675,0
2014-04-30,29.425,0
2014-05-01,29.1,0
2014-05-02,29.7,0
2014-05-03,28.3375,0
2014-05-04,26.925,0
2014-05-05,26.9275,0
2014-05-06,27.5,0
2014-05-07,27.125,0
2014-05-08,27.225,0
2014-05-09,26.45,0
2014-05-10,24.875,0
2014-05-11,24.5,0
2014-05-12,26.83,0
2014-05-13,25.425,0
2014-05-14,23.6,0
2014-05-15,24.375,0
2014-05-16,24.825000000000003,0
2014-05-17,23.85,0
2014-05-18,23.45,0
2014-05-19,24.175,0
2014-05-20,26.65,0
2014-05-21,29.55,0
2014-05-22,31.1525,0
2014-05-23,30.76,0
2014-05-24,29.475,0
2014-05-25,28.6,0
2014-05-26,29.15,0
2014-05-27,31.025,0
2014-05-28,32.9,0
2014-05-29,33.8125,0
2014-05-30,34.2,0
2014-05-31,31.4,0
2014-06-01,31.475,0
2014-06-02,31.85,0
2014-06-03,32.825,0
2014-06-04,32.725,0
2014-06-05,33.0,0
2014-06-06,33.325,0
2014-06-07,33.575,0
2014-06-08,32.925,0
2014-06-09,33.35,0
2014-06-10,33.45,0
2014-06-11,32.625,0
2014-06-12,31.075,0
2014-06-13,29.775,0
2014-06-14,32.0,0
2014-06-15,33.975,0
2014-06-16,34.845,0
2014-06-17,34.125,0
2014-06-18,33.400000000000006,0
2014-06-19,31.825000000000003,0
2014-06-20,32.575,0
2014-06-21,33.0,0
2014-06-22,32.099999999999994,0
2014-06-23,31.75,0
2014-06-24,33.275,0
2014-06-25,32.55,0
2014-06-26,31.475,0
2014-06-27,32.25,0
2014-06-28,34.25,0
2014-06-29,34.375,0
2014-06-30,34.15,0
2014-07-01,32.75,0
2014-07-02,30.425,0
2014-07-03,28.625,0
2014-07-04,30.625000000000004,0
2014-07-05,30.725,0
2014-07-06,30.825,0
2014-07-07,30.85,0
2014-07-08,31.125000000000004,0
2014-07-09,31.7,0
2014-07-10,31.5,0
2014-07-11,31.55,0
2014-07-12,31.9,0
2014-07-13,31.525,0
2014-07-14,31.5,0
2014-07-15,32.400000000000006,0
2014-07-16,32.45,0
2014-07-17,31.075000000000003,0
2014-07-18,30.3,0
2014-07-19,31.525,0
2014-07-20,30.950000000000003,0
2014-07-21,31.7,0
2014-07-22,31.8625,0
2014-07-23,32.025,0
2014-07-24,32.675,0
2014-07-25,31.6,0
2014-07-26,31.05,0
2014-07-27,31.525,0
2014-07-28,31.65,0
2014-07-29,31.275,0
2014-07-30,30.125,0
2014-07-31,30.475,0
2015-04-01,24.45,0
2015-04-02,23.575,0
2015-04-03,22.7,0
2015-04-04,22.45,0
2015-04-05,23.445,0
2015-04-06,23.555,0
2015-04-07,23.665,0
2015-04-08,23.775,0
2015-04-09,23.9,0
2015-04-10,24.26192307692308,0
2015-04-11,24.62384615384616,0
2015-04-12,24.985769230769236,0
2015-04-13,25.34769230769231,0
2015-04-14,25.709615384615383,0
2015-04-15,26.07153846153846,0
2015-04-16,26.433461538461536,0
2015-04-17,26.795384615384613,0
2015-04-18,27.15730769230769,0
2015-04-19,27.519230769230766,0
2015-04-20,27.881153846153843,0
2015-04-21,28.24307692307692,0
2015-04-22,28.605,0
2015-04-23,30.205,0
2015-04-24,32.675,0
2015-04-25,33.5,0
2015-04-26,32.55,0
2015-04-27,31.88125,0
2015-04-28,31.2125,0
2015-04-29,30.54375,0
2015-04-30,29.875,0
2015-05-01,28.925,0
2015-05-02,30.825,0
2015-05-03,30.7,0
2015-05-04,30.525,0
2015-05-05,31.575,0
2015-05-06,31.9,0
2015-05-07,31.575,0
2015-05-08,31.575000000000003,0
2015-05-09,31.175,0
2015-05-10,31.65,0
2015-05-11,29.725,0
2015-05-12,28.05,0
2015-05-13,29.075,0
2015-05-14,30.0,0
2015-05-15,30.975,0
2015-05-16,32.675,0
2015-05-17,33.75,0
2015-05-18,34.375,0
2015-05-19,33.125,0
2015-05-20,32.525,0
2015-05-21,32.400000000000006,0
2015-05-22,33.55,0
2015-05-23,32.925,0
2015-05-24,32.825,0
2015-05-25,31.975,0
2015-05-26,31.875,0
2015-05-27,33.5,0
2015-05-28,31.875,0
2015-05-29,30.725,0
2015-05-30,31.625,0
2015-05-31,32.825,0
2015-06-01,32.95,0
2015-06-02,31.525,0
2015-06-03,29.925,0
2015-06-04,29.075000000000003,0
2015-06-05,29.925,0
2015-06-06,31.125,0
2015-06-07,33.24,0
2015-06-08,33.897499999999994,0
2015-06-09,32.76,0
2015-06-10,32.6425,0
2015-06-11,32.525,0
2015-06-12,32.45,0
2015-06-13,33.65,0
2015-06-14,34.35,0
2015-06-15,31.925,0
2015-06-16,31.5,0
2015-06-17,32.9625,0
2015-06-18,34.425,0
2015-06-19,34.53333333333333,0
2015-06-20,34.641666666666666,0
2015-06-21,34.75,0
2015-06-22,33.125,0
2015-06-23,33.25,0
2015-06-24,30.5,0
2015-06-25,30.05,0
2015-06-26,32.625,0
2015-06-27,33.525,0
2015-06-28,34.45,0
2015-06-29,35.7,0
2015-06-30,33.075,0
2015-07-01,33.150000000000006,0
2015-07-02,32.575,0
2015-07-03,33.775,0
2015-07-04,35.875,0
2015-07-05,36.825,1
2015-07-06,35.225,0
2015-07-07,34.5,0
2015-07-08,32.35,0
2015-07-09,33.675,0
2015-07-10,34.575,0
2015-07-11,31.1,0
2015-07-12,31.9,0
2015-07-13,32.675,0
2015-07-14,33.8,0
2015-07-15,35.075,0
2015-07-16,34.825,0
2015-07-17,33.5,0
2015-07-18,31.95,0
2015-07-19,31.887500000000003,0
2015-07-20,32.974999999999994,0
2015-07-21,32.775,0
2015-07-22,32.0,0
2015-07-23,32.15,0
2015-07-24,31.825000000000003,0
2015-07-25,31.675,0
2015-07-26,30.275,0
2015-07-27,30.725,0
2015-07-28,31.775,0
2015-07-29,29.25,0
2015-07-30,30.575000000000003,0
2015-07-31,30.770000000000003,0
2016-04-01,26.3775,0
2016-04-02,27.45,0
2016-04-03,25.725,0
2016-04-04,24.17,0
2016-04-05,24.65,0
2016-04-06,24.675,0
2016-04-07,24.775,0
2016-04-08,23.075,0
2016-04-09,23.05,0
2016-04-10,22.4,0
2016-04-11,23.475,0
2016-04-12,25.325,0
2016-04-13,25.56111111111111,0
2016-04-14,25.79722222222222,0
2016-04-15,26.03333333333333,0
2016-04-16,26.26944444444444,0
2016-04-17,26.50555555555556,0
2016-04-18,26.741666666666667,0
2016-04-19,26.977777777777774,0
2016-04-20,27.21388888888889,0
2016-04-21,27.45,0
2016-04-22,25.4,0
2016-04-23,27.125,0
2016-04-24,27.15,0
2016-04-25,28.075,0
2016-04-26,29.0,0
2016-04-27,29.675,0
2016-04-28,29.975,0
2016-04-29,30.925,0
2016-04-30,31.5,0
2016-05-01,32.225,0
2016-05-02,31.875,0
2016-05-03,30.35,0
2016-05-04,28.2325,0
2016-05-05,27.6925,0
2016-05-06,29.375,0
2016-05-07,31.0575,0
2016-05-08,33.1375,0
2016-05-09,34.105,0
2016-05-10,34.92,0
2016-05-11,33.067499999999995,0
2016-05-12,32.05,0
2016-05-13,33.2,0
2016-05-14,33.175,0
2016-05-15,32.475,0
2016-05-16,34.275,0
2016-05-17,35.075,0
2016-05-18,35.925,0
2016-05-19,36.125,1
2016-05-20,34.95,0
2016-05-21,36.175,0
2016-05-22,36.625,1
2016-05-23,33.962500000000006,0
2016-05-24,32.5725,0
2016-05-25,33.55,0
2016-05-26,33.599999999999994,0
2016-05-27,33.65,0
2016-05-28,33.7,0
2016-05-29,33.5,0
2016-05-30,33.4,0
2016-05-31,31.925,0
2016-06-01,32.85,0
2016-06-02,32.875,0
2016-06-03,33.225,0
2016-06-04,33.325,0
2016-06-05,34.7,0
2016-06-06,35.225,0
2016-06-07,35.575,0
2016-06-08,35.9,0
2016-06-09,35.075,0
2016-06-10,34.8125,0
2016-06-11,34.550000000000004,0
2016-06-12,34.325,0
2016-06-13,35.1,0
2016-06-14,34.65,0
2016-06-15,34.05,0
2016-06-16,33.45,0
2016-06-17,32.85,0
2016-06-18,33.425,0
2016-06-19,34.45,0
2016-06-20,35.2,0
2016-06-21,35.95,0
2016-06-22,35.375,0
2016-06-23,33.050000000000004,0
2016-06-24,33.9,0
2016-06-25,34.2,0
2016-06-26,34.75,0
2016-06-27,34.075,0
2016-06-28,32.675000000000004,0
2016-06-29,33.35,0
2016-06-30,33.925,0
2016-07-01,34.625,0
2016-07-02,36.075,0
2016-07-03,34.15,0
2016-07-04,34.0,0
2016-07-05,34.8,0
2016-07-06,35.85,0
2016-07-07,35.375,0
2016-07-08,33.975,0
2016-07-09,34.175,0
2016-07-10,32.625,0
2016-07-11,34.125,0
2016-07-12,34.725,0
2016-07-13,34.4,0
2016-07-14,35.25,0
2016-07-15,35.225,0
2016-07-16,34.325,0
2016-07-17,34.09166666666667,0
2016-07-18,33.858333333333334,0
2016-07-19,33.625,0
2016-07-20,33.391666666666666,0
2016-07-21,33.15833333333333,0
2016-07-22,32.925,0
2016-07-23,32.69166666666667,0
2016-07-24,32.458333333333336,0
2016-07-25,32.225,0
2016-07-26,31.991666666666667,0
2016-07-27,31.758333333333333,0
2016-07-28,31.525,0
2016-07-29,31.425,0
2016-07-30,33.625,0
2016-07-31,32.975,0
2017-04-01,28.4,0
2017-04-02,28.450000000000003,0
2017-04-03,28.512500000000003,0
2017-04-04,28.575000000000003,0
2017-04-05,25.725,0
2017-04-06,20.2075,0
2017-04-07,20.175,0
2017-04-08,21.325,0
2017-04-09,23.025,0
2017-04-10,26.5,0
2017-04-11,29.175000000000004,0
2017-04-12,31.0,0
2017-04-13,32.425,0
2017-04-14,32.35,0
2017-04-15,32.475,0
2017-04-16,32.325,0
2017-04-17,32.825,0
2017-04-18,33.050000000000004,0
2017-04-19,32.8,0
2017-04-20,33.625,0
2017-04-21,32.5225,0
2017-04-22,30.475,0
2017-04-23,27.475,0
2017-04-24,26.675,0
2017-04-25,26.895,0
2017-04-26,28.800000000000004,0
2017-04-27,29.725,0
2017-04-28,29.05,0
2017-04-29,28.675,0
2017-04-30,28.35,0
2017-05-01,28.95,0
2017-05-02,28.775,0
2017-05-03,28.3,0
2017-05-04,29.0,0
2017-05-05,31.000000000000004,0
2017-05-06,32.875,0
2017-05-07,33.625,0
2017-05-08,33.725,0
2017-05-09,33.2625,0
2017-05-10,32.800000000000004,0
2017-05-11,32.025000000000006,0
2017-05-12,31.250000000000004,0
2017-05-13,31.525,0
2017-05-14,32.075,0
2017-05-15,31.525,0
2017-05-16,31.1,0
2017-05-17,31.225,0
2017-05-18,32.45,0
2017-05-19,33.7,0
2017-05-20,32.95,0
2017-05-21,31.125,0
2017-05-22,31.2025,0
2017-05-23,32.705,0
2017-05-24,33.025,0
2017-05-25,33.625,0
2017-05-26,35.625,0
2017-05-27,36.04,0
2017-05-28,36.4225,1
2017-05-29,36.545,0
2017-05-30,34.675,0
2017-05-31,34.0875,0
2017-06-01,32.1975,0
2017-06-02,33.487500000000004,0
2017-06-03,34.7,0
2017-06-04,36.3,0
2017-06-05,35.825,1
2017-06-06,34.9,0
2017-06-07,33.325,0
2017-06-08,31.625,0
2017-06-09,32.275,0
2017-06-10,33.050000000000004,0
2017-06-11,32.8,0
2017-06-12,33.225,0
2017-06-13,34.55,0
2017-06-14,34.75,0
2017-06-15,34.75,0
2017-06-16,36.15,0
2017-06-17,35.325,0
2017-06-18,34.575,0
2017-06-19,34.65,0
2017-06-20,33.45,0
2017-06-21,31.9,0
2017-06-22,31.1,0
2017-06-23,33.099999999999994,0
2017-06-24,33.65,0
2017-06-25,34.400000000000006,0
2017-06-26,35.175,0
2017-06-27,35.475,0
2017-06-28,32.925,0
2017-06-29,31.075000000000003,0
2017-06-30,31.25,0
2017-07-01,32.825,0
2017-07-02,34.1,0
2017-07-03,35.5,0
2017-07-04,34.925,0
2017-07-05,34.45,0
2017-07-06,33.75,0
2017-07-07,32.45,0
2017-07-08,33.025,0
2017-07-09,33.8,0
2017-07-10,33.95,0
2017-07-11,33.25,0
2017-07-12,33.05,0
2017-07-13,31.375,0
2017-07-14,32.7,0
2017-07-15,33.5,0
2017-07-16,33.45,0
2017-07-17,34.2,0
2017-07-18,33.75,0
2017-07-19,31.5725,0
2017-07-20,32.1125,0
2017-07-21,33.4375,0
2017-07-22,34.0025,0
2017-07-23,33.2175,0
2017-07-24,32.995,0
2017-07-25,34.27,0
2017-07-26,33.975,0
2017-07-27,32.910000000000004,0
2017-07-28,33.9575,0
2017-07-29,33.955,0
2017-07-30,32.934999999999995,0
2017-07-31,33.942499999999995,0
2018-04-01,28.887500000000003,0
2018-04-02,27.815,0
2018-04-03,27.91,0
2018-04-04,28.2325,0
2018-04-05,27.5975,0
2018-04-06,28.235,0
2018-04-07,28.887500000000003,0
2018-04-08,29.902500000000003,0
2018-04-09,27.41,0
2018-04-10,26.825,0
2018-04-11,26.32,0
2018-04-12,25.455,0
2018-04-13,24.4475,0
2018-04-14,25.352500000000003,0
2018-04-15,23.8525,0
2018-04-16,25.1975,0
2018-04-17,24.835,0
2018-04-18,25.5525,0
2018-04-19,23.8175,0
2018-04-20,20.5225,0
2018-04-21,21.605,0
2018-04-22,23.225,0
2018-04-23,26.4525,0
2018-04-24,28.755000000000003,0
2018-04-25,30.465000000000003,0
2018-04-26,30.9475,0
2018-04-27,31.435,0
2018-04-28,31.5025,0
2018-04-29,32.6725,0
2018-04-30,33.5625,0
2018-05-01,33.620000000000005,0
2018-05-02,32.2025,0
2018-05-03,29.2475,0
2018-05-04,29.29,0
2018-05-05,30.2775,0
2018-05-06,30.0925,0
2018-05-07,28.74,0
2018-05-08,28.1475,0
2018-05-09,29.6175,0
2018-05-10,31.8075,0
2018-05-11,33.0625,0
2018-05-12,31.6,0
2018-05-13,31.39,0
2018-05-14,31.3625,0
2018-05-15,30.3275,0
2018-05-16,30.2625,0
2018-05-17,30.38,0
2018-05-18,29.1625,0
2018-05-19,28.205,0
2018-05-20,27.36,0
2018-05-21,27.7025,0
2018-05-22,28.17,0
2018-05-23,29.33,0
2018-05-24,30.32,0
2018-05-25,31.55,0
2018-05-26,31.09,0
2018-05-27,31.76,0
2018-05-28,33.235,0
2018-05-29,33.5825,0
2018-05-30,34.934999999999995,0
2018-05-31,34.5525,0
2018-06-01,35.287499999999994,0
2018-06-02,35.36,0
2018-06-03,35.9975,0
2018-06-04,37.675,1
2018-06-05,37.67,0
2018-06-06,36.67,0
2018-06-07,36.2425,0
2018-06-08,35.9225,0
2018-06-09,35.1625,0
2018-06-10,32.7425,0
2018-06-11,35.6475,0
2018-06-12,36.915,0
2018-06-13,37.095,1
2018-06-14,37.325,0
2018-06-15,36.71,0
2018-06-16,34.96,0
2018-06-17,34.6475,0
2018-06-18,31.575000000000003,0
2018-06-19,33.2,0
2018-06-20,34.97,0
2018-06-21,34.69,0
2018-06-22,34.4875,0
2018-06-23,33.3725,0
2018-06-24,34.515,0
2018-06-25,33.8275,0
2018-06-26,33.47,0
2018-06-27,32.345,0
2018-06-28,31.86,0
2018-06-29,32.155,0
2018-06-30,31.4225,0
2018-07-01,33.365,0
2018-07-02,34.26,0
2018-07-03,34.405,0
2018-07-04,32.8575,0
2018-07-05,31.2825,0
2018-07-06,31.5875,0
2018-07-07,34.00750000000001,0
2018-07-08,35.17,0
2018-07-09,35.0275,0
2018-07-10,34.837500000000006,0
2018-07-11,34.485,0
2018-07-12,33.6875,0
2018-07-13,34.272499999999994,0
2018-07-14,34.075,0
2018-07-15,34.81,0
2018-07-16,33.817499999999995,0
2018-07-17,32.235,0
2018-07-18,33.495000000000005,0
2018-07-19,33.129999999999995,0
2018-07-20,33.845,0
2018-07-21,34.22,0
2018-07-22,33.665000000000006,0
2018-07-23,33.5275,0
2018-07-24,33.177499999999995,0
2018-07-25,33.505,0
2018-07-26,32.6575,0
2018-07-27,32.1575,0
2018-07-28,33.2275,0
2018-07-29,32.2275,0
2018-07-30,32.3375,0
2018-07-31,33.1575,0
2019-04-01,26.46,0
2019-04-02,28.1,0
2019-04-03,28.66,0
2019-04-04,29.87,0
2019-04-05,29.7225,0
2019-04-06,29.2525,0
2019-04-07,29.395000000000003,0
2019-04-08,27.7725,0
2019-04-09,27.5375,0
2019-04-10,27.8425,0
2019-04-11,26.68,0
2019-04-12,24.3125,0
2019-04-13,24.380000000000003,0
2019-04-14,24.49,0
2019-04-15,21.735,0
2019-04-16,19.01,0
2019-04-17,21.09,0
2019-04-18,21.5125,0
2019-04-19,23.225,0
2019-04-20,26.105,0
2019-04-21,28.555,0
2019-04-22,29.9275,0
2019-04-23,30.7575,0
2019-04-24,29.512500000000003,0
2019-04-25,27.645000000000003,0
2019-04-26,28.015,0
2019-04-27,28.53,0
2019-04-28,29.1725,0
2019-04-29,28.7575,0
2019-04-30,27.95,0
2019-05-01,27.445,0
2019-05-02,26.957500000000003,0
2019-05-03,27.4275,0
2019-05-04,28.442500000000003,0
2019-05-05,29.1275,0
2019-05-06,30.747499999999995,0
2019-05-07,31.005000000000003,0
2019-05-08,31.5925,0
2019-05-09,31.5075,0
2019-05-10,31.4825,0
2019-05-11,32.105,0
2019-05-12,29.545,0
2019-05-13,31.04,0
2019-05-14,30.9325,0
2019-05-15,29.0475,0
2019-05-16,26.5875,0
2019-05-17,27.55375,0
2019-05-18,28.52,0
2019-05-19,29.6125,0
2019-05-20,30.425,0
2019-05-21,30.435,0
2019-05-22,30.065,0
2019-05-23,29.675,0
2019-05-24,28.9025,0
2019-05-25,29.9475,0
2019-05-26,31.215000000000003,0
2019-05-27,32.4375,0
2019-05-28,33.355000000000004,0
2019-05-29,34.455,0
2019-05-30,34.5325,0
2019-05-31,34.5275,0
2019-06-01,35.6425,0
2019-06-02,36.175,0
2019-06-03,35.1025,0
2019-06-04,33.135,0
2019-06-05,31.64,0
2019-06-06,32.5,0
2019-06-07,33.325,0
2019-06-08,34.4,0
2019-06-09,35.06,0
2019-06-10,35.535,0
2019-06-11,34.1325,0
2019-06-12,33.0875,0
2019-06-13,32.9675,0
2019-06-14,33.245,0
2019-06-15,33.65,0
2019-06-16,32.035000000000004,0
2019-06-17,32.785000000000004,0
2019-06-18,32.41,0
2019-06-19,32.73625,0
2019-06-20,33.0625,0
2019-06-21,33.0125,0
2019-06-22,34.182500000000005,0
2019-06-23,34.3575,0
2019-06-24,31.262500000000003,0
2019-06-25,32.835,0
2019-06-26,34.917500000000004,0
2019-06-27,35.065,0
2019-06-28,35.675,0
2019-06-29,35.7575,0
2019-06-30,35.8225,1
2019-07-01,35.1775,0
2019-07-02,34.9825,0
2019-07-03,36.41,0
2019-07-04,36.5,1
2019-07-05,36.3075,0
2019-07-06,36.61,0
2019-07-07,36.0475,0
2019-07-08,36.56999999999999,0
2019-07-09,36.8675,0
2019-07-10,36.2,0
2019-07-11,36.625,0
2019-07-12,35.1075,0
2019-07-13,34.39,0
2019-07-14,35.362500000000004,0
2019-07-15,34.8075,0
2019-07-16,33.645,0
2019-07-17,32.2375,0
2019-07-18,33.1275,0
2019-07-19,33.335,0
2019-07-20,32.355,0
2019-07-21,33.9075,0
2019-07-22,34.275000000000006,0
2019-07-23,34.825,0
2019-07-24,35.7575,0
2019-07-25,36.25,1
2019-07-26,34.205,0
2019-07-27,33.212500000000006,0
2019-07-28,31.9925,0
2019-07-29,32.2425,0
2019-07-30,32.28,0
2019-07-31,33.7725,0
2020-04-01,21.3375,0
2020-04-02,22.045,0
2020-04-03,22.955,0
2020-04-04,23.725,0
2020-04-05,24.950000000000003,0
2020-04-06,24.845,0
2020-04-07,23.7975,0
2020-04-08,23.405,0
2020-04-09,25.6375,0
2020-04-10,26.5575,0
2020-04-11,26.51,0
2020-04-12,28.4375,0
2020-04-13,29.265,0
2020-04-14,27.7825,0
2020-04-15,26.4725,0
2020-04-16,25.86,0
2020-04-17,23.9475,0
2020-04-18,24.2225,0
2020-04-19,25.145000000000003,0
2020-04-20,25.335,0
2020-04-21,26.7675,0
2020-04-22,26.9325,0
2020-04-23,27.7475,0
2020-04-24,28.2575,0
2020-04-25,29.4325,0
2020-04-26,29.525,0
2020-04-27,30.290000000000003,0
2020-04-28,30.9,0
2020-04-29,29.820000000000004,0
2020-04-30,31.2625,0
2020-05-01,31.27,0
2020-05-02,31.065,0
2020-05-03,30.8225,0
2020-05-04,29.432500000000005,0
2020-05-05,29.6075,0
2020-05-06,30.6125,0
2020-05-07,30.31,0
2020-05-08,31.590000000000003,0
2020-05-09,32.5825,0
2020-05-10,31.9375,0
2020-05-11,32.5525,0
2020-05-12,28.775,0
2020-05-13,26.8625,0
2020-05-14,27.6175,0
2020-05-15,27.5525,0
2020-05-16,28.96,0
2020-05-17,28.887500000000003,0
2020-05-18,29.1525,0
2020-05-19,30.160000000000004,0
2020-05-20,30.3725,0
2020-05-21,31.8675,0
2020-05-22,31.72,0
2020-05-23,32.0625,0
2020-05-24,33.6,0
2020-05-25,34.7525,0
2020-05-26,34.5,0
2020-05-27,34.53,0
2020-05-28,34.147499999999994,0
2020-05-29,32.9825,0
2020-05-30,30.82,0
2020-05-31,29.49,0
2020-06-01,31.23,0
2020-06-02,30.92,0
2020-06-03,30.555,0
2020-06-04,30.9025,0
2020-06-05,32.4125,0
2020-06-06,32.945,0
2020-06-07,33.145,0
2020-06-08,33.8375,0
2020-06-09,34.3625,0
2020-06-10,34.0025,0
2020-06-11,33.7575,0
2020-06-12,33.072500000000005,0
2020-06-13,33.6725,0
2020-06-14,34.3475,0
2020-06-15,35.4525,0
2020-06-16,36.38,0
2020-06-17,36.545,1
2020-06-18,36.065,0
2020-06-19,34.495,0
2020-06-20,33.540000000000006,0
2020-06-21,33.84,0
2020-06-22,34.5325,0
2020-06-23,35.1,0
2020-06-24,35.2025,0
2020-06-25,35.97,0
2020-06-26,35.0725,0
2020-06-27,35.0375,0
2020-06-28,35.905,0
2020-06-29,35.537499999999994,0
2020-06-30,33.1675,0
2020-07-01,35.645,0
2020-07-02,37.4375,0
2020-07-03,36.7375,1
2020-07-04,36.6425,0
2020-07-05,34.8175,0
2020-07-06,33.035,0
2020-07-07,34.97,0
2020-07-08,35.9525,0
2020-07-09,34.57,0
2020-07-10,34.5725,0
2020-07-11,35.0,0
2020-07-12,33.9825,0
2020-07-13,32.63,0
2020-07-14,34.7625,0
2020-07-15,35.5625,0
2020-07-16,36.1225,0
2020-07-17,34.8425,0
2020-07-18,35.65,0
2020-07-19,34.8825,0
2020-07-20,35.792500000000004,0
2020-07-21,32.2525,0
2020-07-22,29.79,0
2020-07-23,33.06,0
2020-07-24,34.6525,0
2020-07-25,34.5825,0
2020-07-26,33.7125,0
2020-07-27,33.9025,0
2020-07-28,34.45,0
2020-07-29,35.754999999999995,0
2020-07-30,34.29,0
2020-07-31,34.660000000000004,0
2021-04-01,25.9825,0
2021-04-02,26.865,0
2021-04-03,27.6075,0
2021-04-04,27.745,0
2021-04-05,27.515,0
2021-04-06,24.645,0
2021-04-07,23.665,0
2021-04-08,24.155,0
2021-04-09,25.6275,0
2021-04-10,26.725,0
2021-04-11,28.0675,0
2021-04-12,28.9625,0
2021-04-13,28.277500000000003,0
2021-04-14,28.37,0
2021-04-15,25.9275,0
2021-04-16,22.625,0
2021-04-17,24.3325,0
2021-04-18,27.99,0
2021-04-19,27.23,0
2021-04-20,22.36,0
2021-04-21,23.7525,0
2021-04-22,27.54,0
2021-04-23,27.2775,0
2021-04-24,26.1525,0
2021-04-25,28.485,0
2021-04-26,30.36,0
2021-04-27,31.2025,0
2021-04-28,30.94,0
2021-04-29,30.012500000000003,0
2021-04-30,29.9625,0
2021-05-01,29.7275,0
2021-05-02,26.02,0
2021-05-03,27.67,0
2021-05-04,29.8525,0
2021-05-05,30.0375,0
2021-05-06,26.1425,0
2021-05-07,28.1175,0
2021-05-08,30.1625,0
2021-05-09,31.305,0
2021-05-10,31.585,0
2021-05-11,30.6325,0
2021-05-12,30.617500000000003,0
2021-05-13,31.155,0
2021-05-14,30.2375,0
2021-05-15,30.4325,0
2021-05-16,29.005000000000003,0
2021-05-17,30.0375,0
2021-05-18,30.22,0
2021-05-19,30.095,0
2021-05-20,32.2275,0
2021-05-21,32.0775,0
2021-05-22,30.1,0
2021-05-23,27.7875,0
2021-05-24,30.615,0
2021-05-25,33.6625,0
2021-05-26,34.445,0
2021-05-27,35.037499999999994,0
2021-05-28,35.4925,0
2021-05-29,35.3775,0
2021-05-30,35.365,0
2021-05-31,35.3075,0
2021-06-01,34.445,0
2021-06-02,34.02,0
2021-06-03,33.9575,0
2021-06-04,32.5025,0
2021-06-05,32.51,0
2021-06-06,33.7,0
2021-06-07,34.72,0
2021-06-08,36.0375,0
2021-06-09,37.1875,1
2021-06-10,37.015,0
2021-06-11,36.4725,0
2021-06-12,35.84,0
2021-06-13,35.2775,0
2021-06-14,34.4525,0
2021-06-15,34.585,0
2021-06-16,32.43,0
2021-06-17,30.0,0
2021-06-18,30.545,0
2021-06-19,32.845000000000006,0
2021-06-20,33.185,0
2021-06-21,31.94,0
2021-06-22,33.1875,0
2021-06-23,34.9875,0
2021-06-24,34.385,0
2021-06-25,34.0475,0
2021-06-26,33.6875,0
2021-06-27,32.910000000000004,0
2021-06-28,34.2825,0
2021-06-29,35.1525,0
2021-06-30,36.0675,0
2021-07-01,35.985,1
2021-07-02,35.7725,0
2021-07-03,34.5075,0
2021-07-04,33.115,0
2021-07-05,32.655,0
2021-07-06,34.5,0
2021-07-07,35.349999999999994,0
2021-07-08,36.3025,0
2021-07-09,35.12,0
2021-07-10,34.7775,0
2021-07-11,35.752500000000005,0
2021-07-12,35.0525,0
2021-07-13,31.135,0
2021-07-14,31.7775,0
2021-07-15,32.4275,0
2021-07-16,33.385,0
2021-07-17,35.260000000000005,0
2021-07-18,35.83,0
2021-07-19,35.845,1
2021-07-20,33.36,0
2021-07-21,32.145,0
2021-07-22,32.0475,0
2021-07-23,32.8025,0
2021-07-24,34.942499999999995,0
2021-07-25,35.805,0
2021-07-26,35.9525,1
2021-07-27,34.2,0
2021-07-28,33.39,0
2021-07-29,34.18,0
2021-07-30,34.925,0
2021-07-31,35.2325,0
2022-04-01,27.6375,0
2022-04-02,28.21,0
2022-04-03,27.1125,0
2022-04-04,27.635,0
2022-04-05,28.9525,0
2022-04-06,29.9975,0
2022-04-07,30.9325,0
2022-04-08,31.1175,0
2022-04-09,31.4,0
2022-04-10,31.457500000000003,0
2022-04-11,30.65,0
2022-04-12,30.3675,0
2022-04-13,29.477500000000003,0
2022-04-14,28.9875,0
2022-04-15,30.005,0
2022-04-16,30.24,0
2022-04-17,31.22,0
2022-04-18,30.205,0
2022-04-19,29.0,0
2022-04-20,26.885,0
2022-04-21,27.4875,0
2022-04-22,28.045,0
2022-04-23,28.6475,0
2022-04-24,29.7975,0
2022-04-25,30.967500000000005,0
2022-04-26,30.81,0
2022-04-27,31.9975,0
2022-04-28,32.9225,0
2022-04-29,33.0475,0
2022-04-30,33.895,0
2022-05-01,33.735,0
2022-05-02,32.7825,0
2022-05-03,29.555,0
2022-05-04,29.98,0
2022-05-05,29.9025,0
2022-05-06,31.3475,0
2022-05-07,33.3425,0
2022-05-08,34.045,0
2022-05-09,33.71,0
2022-05-10,33.695,0
2022-05-11,33.965,0
2022-05-12,34.245,0
2022-05-13,34.4075,0
2022-05-14,34.68,0
2022-05-15,33.3875,0
2022-05-16,33.125,0
2022-05-17,33.4575,0
2022-05-18,33.57,0
2022-05-19,34.8125,0
2022-05-20,33.005,0
2022-05-21,32.5125,0
2022-05-22,33.4475,0
2022-05-23,31.4525,0
2022-05-24,30.1175,0
2022-05-25,30.582500000000003,0
2022-05-26,33.54,0
2022-05-27,34.92,0
2022-05-28,33.7575,0
2022-05-29,31.4175,0
2022-05-30,30.795,0
2022-05-31,31.5375,0
2022-06-01,31.6875,0
2022-06-02,31.58,0
2022-06-03,32.6275,0
2022-06-04,33.0625,0
2022-06-05,33.465,0
2022-06-06,33.65,0
2022-06-07,33.825,0
2022-06-08,34.195,0
2022-06-09,34.3525,0
2022-06-10,34.3725,0
2022-06-11,34.042500000000004,0
2022-06-12,33.227500000000006,0
2022-06-13,33.192499999999995,0
2022-06-14,33.87,0
2022-06-15,34.5875,0
2022-06-16,34.835,0
2022-06-17,33.85,0
2022-06-18,31.3075,0
2022-06-19,32.4075,0
2022-06-20,31.5675,0
2022-06-21,27.605,0
2022-06-22,26.35,0
2022-06-23,30.2175,0
2022-06-24,33.4675,0
2022-06-25,35.425,0
2022-06-26,36.1375,0
2022-06-27,36.36,1
2022-06-28,36.915,0
2022-06-29,36.4175,0
2022-06-30,36.2325,0
2022-07-01,34.0,0
2022-07-02,34.795,0
2022-07-03,33.2925,0
2022-07-04,31.2725,0
2022-07-05,32.665,0
2022-07-06,32.470000000000006,0
2022-07-07,28.59,0
2022-07-08,32.075,0
2022-07-09,32.8775,0
2022-07-10,30.0175,0
2022-07-11,30.765,0
2022-07-12,31.5,0
2022-07-13,32.6975,0
2022-07-14,29.905,0
2022-07-15,28.8075,0
2022-07-16,30.82,0
2022-07-17,30.915,0
2022-07-18,30.225,0
2022-07-19,32.04,0
2022-07-20,32.5925,0
2022-07-21,32.56,0
2022-07-22,28.665,0
2022-07-23,27.1625,0
2022-07-24,26.2375,0
2022-07-25,27.33,0
2022-07-26,28.6075,0
2022-07-27,29.965000000000003,0
2022-07-28,29.52,0
2022-07-29,29.4025,0
2022-07-30,29.9175,0
2022-07-31,28.8525,0
